filename,classID
wd\SDSSJ074438.94+365424.1_15017-59278-0337_4553873306.dat,WDA
wd\SDSSJ134034.45+141450.6_15298-59292-0293_4599915084.dat,WDA
wd\SDSSJ015900.43-015221.4_15045-59169-0129_4375873228.dat,WDA
wd\SDSSJ064446.03-002624.1_15281-59325-0423_4473205536.dat,WDA
wd\SDSSJ015939.33-030053.3_15045-59202-0436_4375869220.dat,WDA
wd\SDSSJ080659.13+341502.8_15023-59167-0121_4555231215.dat,WDA
wd\SDSSJ090610.60+012223.9_15155-59256-0426_4592524243.dat,WDA
wd\SDSSJ160128.13+284504.3_15274-59304-0345_5188198971.dat,WDA
wd\SDSSJ085122.29+010714.7_15146-59206-0141_4545140142.dat,WDA
wd\SDSSJ012352.79+143723.0_15010-59199-0393_4401099219.dat,WDA
wd\SDSSJ130509.47+573102.1_15198-59269-0347_4351321133.dat,WDA
wd\SDSSJ174142.16-002154.9_15343-59326-0180_4879042847.dat,WDA
cb_uvex2\SDSSJ163210.78+385434.8_15309-59350-0426_5191563664.dat,WDA
wd\SDSSJ113752.30+245147.5_15294-59343-0035_4595988869.dat,WDA
wd\SDSSJ180237.76+134514.0_15346-59300-0490_5208937339.dat,WDA
cb_uvex2\SDSSJ134820.20+273220.4_15301-59314-0216_4603038886.dat,WDA
cb_uvex2\SDSSJ083255.51+045210.6_15256-59280-0017_4545065219.dat,WDA
wd\SDSSJ015657.87+004037.8_15013-59165-0403_4401495932.dat,WDA
cb_uvex2\SDSSJ075300.20+363442.3_15020-59200-0197_4555246446.dat,WDA
wd\SDSSJ063124.64+040446.9_15114-59191-0421_4524678622.dat,WDA
wd\SDSSJ155708.47+282335.8_15274-59329-0024_5188190884.dat,WDA
wd\SDSSJ090649.80+523410.8_15174-59252-0044_4360787815.dat,WDA
cb_uvex2\SDSSJ073953.16+204900.4_15195-59271-0233_4543082265.dat,WDA
cb_uvex2\SDSSJ122228.27+494141.1_15237-59256-0328_4351932048.dat,WDA
wd\SDSSJ063142.04+020053.8_15115-59210-0436_4523805091.dat,WDA
wd\SDSSJ080409.90+355657.5_15022-59231-0450_4555285533.dat,WDA
wd\SDSSJ115115.61+560015.6_15236-59351-0481_4359791692.dat,WDA
wd\SDSSJ020321.29-025749.1_15045-59169-0300_4375875479.dat,WDA
cb_uvex2\SDSSJ134907.51+013624.5_15201-59306-0337_4600219782.dat,WDA
wd\SDSSJ073022.22+232852.0_15285-59276-0034_4543197670.dat,WDA
cb_uvex2\SDSSJ001056.26+264416.6_15004-59165-0099_4402834498.dat,WDA
cb_uvex2\SDSSJ172932.96-134814.9_15341-59355-0077_4865282580.dat,WDA
wd\SDSSJ111915.14+101833.8_15129-59217-0173_4594950266.dat,WDA
wd\SDSSJ081537.27+213919.1_15054-59232-0406_4546471574.dat,WDA
wd\SDSSJ072239.95+235343.2_15285-59304-0071_4543171248.dat,WDA
cb_uvex2\SDSSJ075446.64+364933.1_15020-59223-0183_4555259730.dat,WDA
wd\SDSSJ134213.13+141113.6_15298-59310-0011_4599915562.dat,WDA
wd\SDSSJ160534.09+275114.7_15274-59304-0150_5188074799.dat,WDA
wd\SDSSJ235314.82-001820.6_15035-59190-0470_4371193468.dat,WDA
cb_uvex2\SDSSJ004420.04+002125.6_15007-59187-0092_4399312093.dat,WDA
wd\SDSSJ084326.92+000219.2_15164-59200-0049_4544989307.dat,WDA
wd\SDSSJ075656.65+295554.0_15019-59164-0022_4554613406.dat,WDA
wd\SDSSJ090631.13+011527.6_15155-59256-0423_4592515003.dat,WDA
wd\SDSSJ113814.45+591722.2_15235-59254-0008_4359633361.dat,WDA
wd\SDSSJ092838.11+035839.3_15266-59306-0075_4592708135.dat,WDA
wd\SDSSJ112457.28+271741.8_15293-59312-0035_4597239969.dat,WDA
wd\SDSSJ055046.53+261219.9_15083-59218-0181_4505418921.dat,WDA
wd\SDSSJ085407.36+024335.9_15259-59292-0403_4545232323.dat,WDA
wd\SDSSJ134317.85-054536.2_15200-59305-0415_4589580198.dat,WDA
wd\SDSSJ062237.02+162340.1_15228-59269-0387_4535580138.dat,WDA
wd\SDSSJ113250.32+295949.2_15292-59339-0060_4597339069.dat,WDA
wd\SDSSJ134243.97-050354.8_15200-59246-0183_4589585815.dat,WDA
wd\SDSSJ015142.82+011102.1_15013-59197-0041_4401491976.dat,WDA
wd\SDSSJ072722.23+232817.2_15285-59276-0109_4543144419.dat,WDA
cb_uvex2\SDSSJ134454.43-064713.3_15200-59324-0361_4589320996.dat,WDA
wd\SDSSJ091942.34+021521.7_15264-59310-0330_4592637134.dat,WDA
wd\SDSSJ134424.43-051339.6_15200-59273-0125_4589586857.dat,WDA
wd\SDSSJ180645.31+124520.0_15346-59307-0354_5208891930.dat,WDA
cb_uvex2\SDSSJ080333.36+340955.9_15022-59165-0321_4555226548.dat,WDA
wd\SDSSJ161717.70+551925.4_15329-59343-0251_4346449833.dat,WDA
wd\SDSSJ191319.25+225546.1_15366-59357-0238_5296847131.dat,WDA
wd\SDSSJ160650.37+275309.0_15274-59304-0038_5188074580.dat,WDA
wd\SDSSJ083916.62+013012.2_15255-59279-0255_4545001635.dat,WDA
cb_uvex2\SDSSJ133712.45+402159.4_15299-59293-0141_4602962213.dat,WDA
cb_uvex2\SDSSJ135023.67+284408.0_15301-59338-0041_4603050928.dat,WDA
wd\SDSSJ003923.04+003534.7_15005-59193-0246_4399284904.dat,WDA
cb_uvex2\SDSSJ085032.59+023217.3_15165-59202-0368_4545158311.dat,WDA
wd\SDSSJ142826.27+091543.0_15202-59250-0161_4600995115.dat,WDA
wd\SDSSJ091855.54+025523.5_15263-59315-0282_4592672005.dat,WDA
cb_uvex2\SDSSJ111933.88+111200.6_15129-59278-0443_4594995953.dat,WDA
wd\SDSSJ112319.64+445045.0_15234-59337-0204_4360530191.dat,WDA
wd\SDSSJ092236.05+034208.4_15264-59310-0278_4592682291.dat,WDA
wd\SDSSJ083514.29+012845.1_15143-59205-0039_4544962800.dat,WDA
cb_uvex2\SDSSJ121256.97+200353.1_15295-59294-0310_4599340693.dat,WDA
cb_uvex2\SDSSJ135605.92+542358.4_15302-59315-0348_4351150455.dat,WDA
wd\SDSSJ140924.12+625702.9_15303-59309-0122_4349244521.dat,WDA
wd\SDSSJ224016.15+401330.8_15082-59215-0055_4397387703.dat,WDA
wd\SDSSJ085318.22+002818.8_15166-59251-0484_4545162234.dat,WDA
wd\SDSSJ162611.44+665858.5_15368-59359-0349_4347422830.dat,WDA
wd\SDSSJ133140.46+145434.5_15298-59351-0027_4599898120.dat,WDA
cb_uvex2\SDSSJ013158.63-000753.9_15011-59203-0335_4375125237.dat,WDA
cb_uvex2\SDSSJ084519.60+012525.6_15143-59205-0153_4545141281.dat,WDA
wd\SDSSJ074817.68+305013.2_15018-59280-0328_4554600870.dat,WDA
wd\SDSSJ051141.50-045945.4_15102-59210-0399_4416869990.dat,WDA
wd\SDSSJ012544.55+013618.0_15011-59203-0043_4399881636.dat,WDA
wd\SDSSJ073543.99+301516.4_15016-59146-0226_4551539592.dat,WDA
wd\SDSSJ232135.46+230951.2_15036-59188-0441_4384332363.dat,WDA
cb_uvex2\SDSSJ134229.73+270441.3_15301-59314-0427_4602329474.dat,WDA
wd\SDSSJ063208.26-042131.7_15279-59302-0034_4471425336.dat,WDA
wd\SDSSJ061822.82+105548.4_15101-59192-0130_4527364817.dat,WDA
wd\SDSSJ025201.02+004544.4_15049-59193-0048_4401938778.dat,WDA
wd\SDSSJ045517.90+264853.0_15120-59210-0071_4509134406.dat,WDA
wd\SDSSJ012206.69+132327.1_15010-59199-0422_4401001906.dat,WDA
cb_uvex2\SDSSJ082053.46+392645.8_15026-59257-0098_4361419369.dat,WDA
wd\SDSSJ074803.71+300001.6_15019-59164-0143_4554582064.dat,WDA
wd\SDSSJ113306.34+570357.3_15235-59254-0327_4359802113.dat,WDA
wd\SDSSJ040420.43+502459.6_15107-59212-0486_4332136904.dat,WDA
wd\SDSSJ093101.27+025816.1_15269-59318-0381_4592705467.dat,WDA
wd\SDSSJ071744.79-251234.1_15116-59220-0409_4457242815.dat,WDA
wd\SDSSJ023054.08+593702.1_15218-59245-0413_4318485461.dat,WDA
cb_uvex2\SDSSJ081056.73+252736.1_15053-59230-0178_4554511125.dat,WDA
wd\SDSSJ143443.54+035727.7_15306-59347-0433_4600785796.dat,WDA
wd\SDSSJ083022.89+272244.3_15058-59195-0286_4555024458.dat,WDA
wd\SDSSJ055303.87+234251.7_15084-59215-0489_4505252870.dat,WDA
wd\SDSSJ081310.96+392250.5_15026-59257-0124_4555536134.dat,WDA
wd\SDSSJ132259.01-142033.8_15199-59355-0369_4587926858.dat,WDA
wd\SDSSJ182819.22+273124.9_15331-59328-0322_5342553319.dat,WDA
wd\SDSSJ212624.32-012450.8_15027-59159-0420_4367776213.dat,WDA
cb_uvex2\SDSSJ163113.46+444223.6_15308-59312-0441_4346120106.dat,WDA
wd\SDSSJ084817.31+043006.2_15258-59291-0100_4545218417.dat,WDA
wd\SDSSJ015608.18+010915.7_15013-59221-0161_4401498503.dat,WDA
cb_uvex2\SDSSJ233525.02-004517.6_15033-59164-0230_4371142913.dat,WDA
wd\SDSSJ042552.69+370630.0_15223-59265-0049_4515623097.dat,WDA
cb_uvex2\SDSSJ072739.39+233411.0_15191-59247-0272_4543178764.dat,WDA
cb_uvex2\SDSSJ093243.45+015347.7_15269-59280-0419_4592931751.dat,WDA
cb_uvex2\SDSSJ133712.45+402159.4_15299-59293-0141_4602962213.dat,WDA
wd\SDSSJ010327.76+850441.1_15350-59329-0350_4326204913.dat,WDA
cb_uvex2\SDSSJ084729.57+002607.3_15146-59206-0429_4545124796.dat,WDA
wd\SDSSJ024357.43+712950.8_15074-59189-0029_4317561724.dat,WDA
wd\SDSSJ012352.79+143723.0_15010-59199-0393_4401099219.dat,WDA
wd\SDSSJ001043.54+253829.2_15004-59217-0333_4400717432.dat,WDA
wd\SDSSJ065502.11-051635.4_15282-59275-0192_4471950390.dat,WDA
wd\SDSSJ074405.76+384258.8_15017-59250-0152_4554152054.dat,WDA
wd\SDSSJ175353.62+000850.2_15345-59327-0075_5177531947.dat,WDA
cb_uvex2\SDSSJ122803.31+632823.0_15239-59264-0182_4349872157.dat,WDA
cb_uvex2\SDSSJ093834.81+040305.0_15270-59317-0073_4592987197.dat,WDA
wd\SDSSJ142947.63+075408.1_15202-59309-0384_4600957512.dat,WDA
cb_uvex2\SDSSJ020457.63-013101.6_15045-59169-0403_4375888809.dat,WDA
wd\SDSSJ172733.15-121134.0_15341-59355-0376_4865819403.dat,WDA
wd\SDSSJ004003.83+263002.3_15006-59227-0207_4403046484.dat,WDA
wd\SDSSJ071728.84-234737.2_15116-59220-0342_4457596572.dat,WDA
wd\SDSSJ164509.38+350457.9_15310-59352-0211_5189679062.dat,WDA
wd\SDSSJ024855.08-004138.3_15015-59169-0251_4376209939.dat,WDA
cb_uvex2\SDSSJ012108.56-011726.9_15009-59164-0325_4375037540.dat,WDA
wd\SDSSJ084443.14+042102.9_15258-59291-0152_4545113979.dat,WDA
wd\SDSSJ163840.73+385459.5_15309-59354-0312_5191722250.dat,WDA
wd\SDSSJ134520.12+505632.5_15300-59351-0300_4351201052.dat,WDA
wd\SDSSJ223433.65+405549.7_15082-59215-0342_4397103657.dat,WDA
wd\SDSSJ085308.97-001605.4_15164-59200-0492_4492112403.dat,WDA
wd\SDSSJ091903.20+021837.5_15264-59310-0374_4592632456.dat,WDA
wd\SDSSJ061432.19+215516.3_15113-59190-0431_4538541349.dat,WDA
cb_uvex2\SDSSJ113539.28+234404.6_15294-59291-0100_4595984450.dat,WDA
wd\SDSSJ164351.26+715534.9_15369-59335-0218_4347298754.dat,WDA
wd\SDSSJ144200.46+041224.5_15306-59347-0073_4600823320.dat,WDA
cb_uvex2\SDSSJ085526.60-012454.9_15166-59251-0339_4492097062.dat,WDA
wd\SDSSJ150047.13+570016.4_15307-59290-0211_4349137183.dat,WDA
cb_uvex2\SDSSJ133439.94+130457.4_15298-59292-0381_4599902810.dat,WDA
wd\SDSSJ185019.95+372724.5_15332-59305-0163_5368041970.dat,WDA
cb_uvex2\SDSSJ142835.86+362718.6_15305-59343-0117_4603866895.dat,WDA
wd\SDSSJ143451.46+041734.1_15306-59289-0215_4600796244.dat,WDA
wd\SDSSJ074321.68+200828.1_15195-59238-0061_4543097596.dat,WDA
cb_uvex2\SDSSJ093342.20+015346.3_15269-59318-0302_4592932167.dat,WDA
wd\SDSSJ032422.25+512423.7_15221-59245-0265_4306877974.dat,WDA
wd\SDSSJ113652.31+591458.4_15235-59315-0214_4359633530.dat,WDA
cb_uvex2\SDSSJ081837.31+334533.4_15025-59169-0291_4555361986.dat,WDA
cb_uvex2\SDSSJ182920.49+272633.8_15331-59328-0325_5343162873.dat,WDA
wd\SDSSJ053026.85+351540.7_15112-59238-0185_4514055327.dat,WDA
wd\SDSSJ175121.91+004101.0_15345-59327-0351_5177421944.dat,WDA
wd\SDSSJ073336.67+175354.9_15073-59186-0468_4542131831.dat,WDA
wd\SDSSJ130757.35+572720.3_15198-59273-0216_4351320799.dat,WDA
cb_uvex2\SDSSJ212940.44-001948.0_15027-59159-0318_4367818598.dat,WDA
wd\SDSSJ023633.76-001012.7_15014-59191-0426_4376162108.dat,WDA
wd\SDSSJ132024.11-124341.6_15199-59279-0196_4588980482.dat,WDA
wd\SDSSJ093955.45+040641.5_15270-59284-0232_4592988582.dat,WDA
wd\SDSSJ061804.03+271001.1_15085-59216-0050_4547383102.dat,WDA
wd\SDSSJ133533.82+151154.5_15298-59310-0286_4599921674.dat,WDA
wd\SDSSJ092826.68+044345.5_15265-59316-0284_4592717849.dat,WDA
wd\SDSSJ071656.00-241200.4_15116-59212-0219_4457344469.dat,WDA
cb_uvex2\SDSSJ003328.71-001610.1_15005-59167-0407_4374638477.dat,WDA
cb_uvex2\SDSSJ015750.54+003511.8_15013-59221-0226_4401513058.dat,WDA
wd\SDSSJ073918.85+155035.0_15073-59186-0129_4542158178.dat,WDA
wd\SDSSJ122501.12+290356.7_15249-59265-0279_4601890095.dat,WDA
cb_uvex2\SDSSJ013803.37+001603.2_15012-59166-0206_4399905882.dat,WDA
wd\SDSSJ185522.53+361033.4_15332-59305-0317_5367961273.dat,WDA
wd\SDSSJ093001.63-015626.6_15267-59308-0128_4570519715.dat,WDA
cb_uvex2\SDSSJ131554.29+473923.0_15296-59317-0404_4351712138.dat,WDA
wd\SDSSJ112311.08+425830.5_15234-59280-0190_4597888818.dat,WDA
wd\SDSSJ091616.66+001356.2_15170-59292-0090_4592612138.dat,WDA
wd\SDSSJ080203.73+323320.6_15023-59167-0449_4554721963.dat,WDA
wd\SDSSJ073307.88+364922.4_15190-59267-0242_4553825196.dat,WDA
cb_uvex2\SDSSJ113211.22+280656.2_15293-59312-0206_4597302674.dat,WDA
cb_uvex2\SDSSJ081910.95+373935.4_15055-59230-0138_4555540113.dat,WDA
wd\SDSSJ165705.14+860044.3_15273-59360-0015_4348062936.dat,WDA
wd\SDSSJ075109.93+282853.8_15019-59222-0237_4554378618.dat,WDA
wd\SDSSJ132149.64-124714.8_15199-59279-0154_4588980092.dat,WDA
wd\SDSSJ150417.07+553439.1_15307-59344-0471_4349140341.dat,WDA
wd\SDSSJ073543.99+301516.4_15016-59276-0224_4551539592.dat,WDA
wd\SDSSJ074311.68+311438.1_15018-59221-0116_4551587430.dat,WDA
wd\SDSSJ161750.41+865542.3_15273-59360-0124_4348119570.dat,WDA
wd\SDSSJ062654.27+160130.5_15228-59269-0185_4535616180.dat,WDA
wd\SDSSJ023955.52+594106.6_15218-59245-0293_4320102554.dat,WDA
wd\SDSSJ144248.24+400913.9_15357-59336-0177_4350639621.dat,WDA
wd\SDSSJ093724.98+015304.5_15269-59318-0096_4592938937.dat,WDA
cb_uvex2\SDSSJ081348.26+250207.4_15053-59230-0336_4554472296.dat,WDA
wd\SDSSJ161435.82+854920.0_15273-59308-0153_4348092475.dat,WDA
wd\SDSSJ082856.74+335205.2_15057-59197-0292_4555596182.dat,WDA
wd\SDSSJ073627.04+180559.6_15073-59186-0451_4542210779.dat,WDA
cb_uvex2\SDSSJ134053.10+395530.8_15299-59293-0068_4602965171.dat,WDA
cb_uvex2\SDSSJ164000.78+403810.3_15309-59312-0077_5191897328.dat,WDA
wd\SDSSJ091203.97+033629.7_15263-59309-0442_4592595094.dat,WDA
wd\SDSSJ024449.27-002737.6_15015-59166-0098_4376207291.dat,WDA
wd\SDSSJ085612.24+525718.0_15174-59232-0341_4360779811.dat,WDA
wd\SDSSJ125823.43+580916.5_15198-59269-0446_4351320042.dat,WDA
wd\SDSSJ183101.80+262831.4_15331-59302-0010_5343109153.dat,WDA
wd\SDSSJ052012.44+474230.5_15121-59212-0282_4342746122.dat,WDA
wd\SDSSJ092455.73+043023.9_15266-59306-0436_4592711200.dat,WDA
wd\SDSSJ084002.13+014331.5_15255-59279-0272_4545003561.dat,WDA
wd\SDSSJ053808.76+222126.5_15226-59265-0478_4504353765.dat,WDA
wd\SDSSJ050959.56-041405.0_15102-59266-0057_4416864172.dat,WDA
wd\SDSSJ015638.71-013118.1_15045-59202-0001_4375864388.dat,WDA
wd\SDSSJ134034.45+141450.6_15298-59292-0293_4599915084.dat,WDA
wd\SDSSJ073748.56+381953.4_15017-59220-0100_4553882711.dat,WDA
wd\SDSSJ065600.53-044242.5_15282-59293-0171_4472161786.dat,WDA
wd\SDSSJ121704.09+520256.4_15237-59291-0451_4351905098.dat,WDA
wd\SDSSJ120614.24+571058.6_15236-59351-0275_4351540397.dat,WDA
wd\SDSSJ135311.06+025052.6_15201-59355-0200_4600232847.dat,WDA
wd\SDSSJ020616.60-024932.2_15045-59169-0357_4375877322.dat,WDA
wd\SDSSJ160128.13+284504.3_15274-59304-0345_5188198971.dat,WDA
cb_uvex2\SDSSJ072739.39+233411.0_15191-59247-0272_4543178764.dat,WDA
wd\SDSSJ121258.38+502754.3_15237-59256-0499_4351937625.dat,WDA
wd\SDSSJ072828.06+245327.9_15191-59247-0306_4550839752.dat,WDA
wd\SDSSJ044429.05+462519.3_15224-59238-0347_4337763244.dat,WDA
wd\SDSSJ073647.31+211722.5_15195-59238-0209_4543085271.dat,WDA
wd\SDSSJ074107.26+310612.8_15018-59251-0461_4551581537.dat,WDA
wd\SDSSJ160301.37+265442.3_15274-59304-0251_5188056111.dat,WDA
wd\SDSSJ051352.32-052252.3_15102-59210-0307_4416835975.dat,WDA
cb_uvex2\SDSSJ075332.88+365424.0_15020-59284-0392_4555258376.dat,WDA
wd\SDSSJ104023.44+424351.7_15351-59359-0290_4597713679.dat,WDA
wd\SDSSJ013038.00-001317.4_15011-59203-0378_4375123813.dat,WDA
wd\SDSSJ000423.50+271927.8_15004-59165-0055_4402827472.dat,WDA
wd\SDSSJ080503.25+313234.7_15023-59167-0406_4554712608.dat,WDA
wd\SDSSJ113341.30+240221.6_15294-59314-0302_4595983904.dat,WDA
wd\SDSSJ233510.63-005754.8_15033-59164-0223_4371139205.dat,WDA
wd\SDSSJ062023.00+405627.6_15197-59245-0102_4552293658.dat,WDA
cb_uvex2\SDSSJ112821.27+574310.8_15235-59254-0448_4359800546.dat,WDA
wd\SDSSJ055651.19+272950.0_15083-59218-0453_4512209015.dat,WDA
wd\SDSSJ090631.13+011527.6_15155-59256-0423_4592515003.dat,WDA
wd\SDSSJ164303.85+393042.6_15309-59354-0251_5191726198.dat,WDA
cb_uvex2\SDSSJ163305.29+390958.6_15309-59312-0434_5191810022.dat,WDA
wd\SDSSJ074428.16+163631.1_15073-59212-0004_4542198909.dat,WDA
wd\SDSSJ065559.94-063445.2_15282-59293-0336_4471859306.dat,WDA
wd\SDSSJ163449.22+645955.4_15347-59301-0099_4347406864.dat,WDA
wd\SDSSJ112241.94+442853.8_15234-59309-0012_4597896768.dat,WDA
wd\SDSSJ000122.99+585820.7_15076-59207-0181_4293356378.dat,WDA
wd\SDSSJ084501.60+502432.6_15244-59257-0138_4360817695.dat,WDA
wd\SDSSJ051630.77+501639.7_15121-59212-0250_4342047241.dat,WDA
wd\SDSSJ044220.46+454309.2_15224-59238-0147_4337529082.dat,WDA
wd\SDSSJ160050.11+275235.1_15274-59329-0394_5188049154.dat,WDA
wd\SDSSJ234710.27+000633.5_15034-59192-0398_4382230174.dat,WDA
wd\SDSSJ014202.16+002458.4_15012-59166-0447_4399911982.dat,WDA
wd\SDSSJ074107.26+310612.8_15018-59221-0029_4551581537.dat,WDA
wd\SDSSJ000745.04+572413.4_15078-59188-0367_4291545951.dat,WDA
wd\SDSSJ080835.65+240710.0_15051-59204-0327_4554442812.dat,WDA
wd\SDSSJ011851.95-015813.3_15009-59164-0361_4375024882.dat,WDA
cb_uvex2\SDSSJ051005.76+492323.9_15121-59206-0469_4342025874.dat,WDA
wd\SDSSJ085122.29+010714.7_15146-59226-0023_4545140142.dat,WDA
wd\SDSSJ084503.81-012537.6_15164-59200-0004_4492050694.dat,WDA
wd\SDSSJ113601.76+242927.7_15294-59314-0270_4595987667.dat,WDA
wd\SDSSJ023031.57+005718.2_15014-59232-0427_4401858951.dat,WDA
cb_uvex2\SDSSJ163409.86+403250.0_15309-59340-0132_5191825819.dat,WDA
wd\SDSSJ051252.44+485108.1_15121-59206-0223_4342078773.dat,WDA
cb_uvex2\SDSSJ134900.41-053524.9_15200-59273-0060_4591625102.dat,WDA
cb_uvex2\SDSSJ075236.83+384220.5_15020-59200-0486_4555403799.dat,WDA
wd\SDSSJ085648.84+513645.0_15174-59232-0313_4360811556.dat,WDA
wd\SDSSJ141557.84+623046.4_15303-59280-0019_4349238045.dat,WDA
wd\SDSSJ075938.05+381920.4_15020-59284-0050_4555423217.dat,WDA
cb_uvex2\SDSSJ143857.87+041654.0_15306-59289-0136_4600817878.dat,WDA
wd\SDSSJ235955.49+003910.2_15035-59190-0187_4382245935.dat,WDA
wd\SDSSJ073847.83+301932.2_15016-59276-0169_4551548466.dat,WDA
wd\SDSSJ233636.89-013322.4_15033-59164-0174_4371137972.dat,WDA
wd\SDSSJ152101.46+565718.3_15307-59344-0064_4346726021.dat,WDA
wd\SDSSJ225847.55+185153.3_15028-59197-0310_4383231629.dat,WDA
cb_uvex2\SDSSJ000346.14+260324.4_15004-59165-0434_4400711414.dat,WDA
wd\SDSSJ004429.46-005152.9_15007-59187-0271_4374673313.dat,WDA
wd\SDSSJ085216.95-005947.7_15164-59200-0148_4492080976.dat,WDA
wd\SDSSJ163944.63+383346.7_15309-59354-0261_5191718549.dat,WDA
wd\SDSSJ082950.10+354420.9_15057-59197-0453_4555690475.dat,WDA
cb_uvex2\SDSSJ074003.94+374628.6_15190-59273-0342_4553878696.dat,WDA
wd\SDSSJ075607.77+380331.6_15020-59223-0206_4555395449.dat,WDA
cb_uvex2\SDSSJ134653.20+015353.5_15201-59273-0440_4600217774.dat,WDA
wd\SDSSJ074015.79+371758.7_15017-59147-0156_4553864938.dat,WDA
cb_uvex2\SDSSJ085543.65+503748.2_15174-59284-0363_4360846509.dat,WDA
wd\SDSSJ130509.47+573102.1_15348-59302-0331_4351321133.dat,WDA
wd\SDSSJ080435.26+313125.7_15023-59167-0408_4554712430.dat,WDA
wd\SDSSJ021850.46+541826.1_15217-59238-0101_4301879130.dat,WDA
wd\SDSSJ171407.85+722825.2_15369-59335-0272_4347262422.dat,WDA
wd\SDSSJ080524.18+345359.0_15022-59252-0037_4555272323.dat,WDA
cb_uvex2\SDSSJ122043.23+503510.9_15237-59256-0354_4351925199.dat,WDA
wd\SDSSJ113026.20+581707.0_15235-59254-0177_4359663258.dat,WDA
wd\SDSSJ085850.44+515243.9_15174-59284-0298_4360793770.dat,WDA
cb_uvex2\SDSSJ073953.16+204900.4_15286-59294-0353_4543082265.dat,WDA
wd\SDSSJ074308.77+175447.1_15192-59302-0185_4542238404.dat,WDA
wd\SDSSJ060453.21+012601.5_15227-59264-0403_4521754782.dat,WDA
cb_uvex2\SDSSJ080411.76+312630.7_15023-59167-0407_4554712168.dat,WDA
cb_uvex2\SDSSJ001101.50+004415.3_15039-59202-0358_4399115757.dat,WDA
cb_uvex2\SDSSJ084831.79+005534.5_15146-59226-0254_4545129708.dat,WDA
cb_uvex2\SDSSJ122228.27+494141.1_15237-59256-0328_4351932048.dat,WDA
wd\SDSSJ061432.19+215516.3_15113-59190-0431_4538541349.dat,WDA
wd\SDSSJ112424.88+264742.1_15293-59340-0470_4597233985.dat,WDA
cb_uvex2\SDSSJ132248.60-142555.7_15199-59247-0365_4587925664.dat,WDA
wd\SDSSJ063339.79+110102.4_15103-59268-0127_4528954974.dat,WDA
cb_uvex2\SDSSJ122056.49+494017.4_15237-59338-0370_4351932778.dat,WDA
wd\SDSSJ152611.83+055040.9_15272-59335-0330_5170303216.dat,WDA
wd\SDSSJ011954.05-011641.8_15009-59218-0327_4375037176.dat,WDA
wd\SDSSJ113221.61+582423.1_15235-59346-0116_4359662088.dat,WDA
wd\SDSSJ080149.89+271105.0_15021-59226-0072_4554418446.dat,WDA
wd\SDSSJ072644.88-084927.3_15231-59270-0225_4477069356.dat,WDA
wd\SDSSJ134445.61+271137.1_15301-59338-0373_4602331028.dat,WDA
wd\SDSSJ074928.75+364451.5_15020-59248-0216_4555240068.dat,WDA
cb_uvex2\SDSSJ090832.05+045019.3_15262-59308-0187_4592602372.dat,WDA
cb_uvex2\SDSSJ073610.17+295107.6_15016-59219-0100_4551537927.dat,WDA
wd\SDSSJ113053.16+275750.8_15293-59340-0087_4597249295.dat,WDA
wd\SDSSJ074151.18+291616.8_15016-59276-0304_4551112944.dat,WDA
wd\SDSSJ073616.17+162256.6_15073-59186-0228_4542154602.dat,WDA
cb_uvex2\SDSSJ131952.49-130138.8_15199-59250-0159_4588978776.dat,WDA
wd\SDSSJ092337.32+035309.2_15264-59310-0038_4592683092.dat,WDA
wd\SDSSJ080702.94+254727.4_15024-59202-0180_4554407827.dat,WDA
wd\SDSSJ080640.84+344625.2_15025-59169-0232_4555273418.dat,WDA
cb_uvex2\SDSSJ072122.47+232024.3_15285-59304-0468_4542838217.dat,WDA
wd\SDSSJ045727.94+231450.4_15072-59186-0229_4500648973.dat,WDA
wd\SDSSJ134557.91-055103.7_15200-59273-0367_4589582871.dat,WDA
cb_uvex2\SDSSJ163305.29+390958.6_15309-59350-0430_5191810022.dat,WDA
cb_uvex2\SDSSJ143251.75+362943.4_15305-59283-0006_4603885588.dat,WDA
wd\SDSSJ153632.52+861154.9_15273-59308-0218_4348151519.dat,WDA
cb_uvex2\SDSSJ000458.32+251401.1_15004-59165-0442_4400704587.dat,WDA
cb_uvex2\SDSSJ075903.17+370424.3_15020-59248-0072_4555282966.dat,WDA
wd\SDSSJ073129.33+371445.1_15190-59248-0476_4553824320.dat,WDA
wd\SDSSJ020609.70-025943.1_15046-59200-0077_4375877138.dat,WDA
wd\SDSSJ113233.92+232857.0_15294-59314-0369_4595982692.dat,WDA
cb_uvex2\SDSSJ080947.31+322824.3_15023-59232-0148_4555292017.dat,WDA
wd\SDSSJ175157.97-004155.9_15345-59327-0081_4879830520.dat,WDA
cb_uvex2\SDSSJ143415.09+334132.3_15325-59347-0059_4603792653.dat,WDA
wd\SDSSJ050808.83-051735.6_15102-59210-0475_4416814425.dat,WDA
wd\SDSSJ021405.07-024754.2_15047-59230-0452_4375941713.dat,WDA
wd\SDSSJ123436.77+631407.8_15239-59264-0400_4349851190.dat,WDA
wd\SDSSJ142949.01+094044.3_15202-59276-0175_4600997632.dat,WDA
cb_uvex2\SDSSJ084624.83+501154.8_15244-59257-0134_4360820071.dat,WDA
cb_uvex2\SDSSJ082053.46+392645.8_15026-59169-0230_4361419369.dat,WDA
wd\SDSSJ113341.30+240221.6_15294-59291-0142_4595983904.dat,WDA
cb_uvex2\SDSSJ234508.12-002431.7_15034-59165-0223_4371155268.dat,WDA
wd\SDSSJ074621.12+315253.5_15018-59164-0118_4554659280.dat,WDA
cb_uvex2\SDSSJ113423.48+570353.0_15235-59254-0340_4359802022.dat,WDA
cb_uvex2\SDSSJ080222.76+344909.9_15022-59165-0316_4555225284.dat,WDA
wd\SDSSJ092031.70+025755.8_15265-59316-0212_4592677013.dat,WDA
cb_uvex2\SDSSJ003624.95+021235.4_15005-59167-0082_4399302338.dat,WDA
cb_uvex2\SDSSJ165307.00+360134.2_15310-59347-0114_5191653693.dat,WDA
wd\SDSSJ075456.15+254425.4_15021-59193-0163_4554290327.dat,WDA
wd\SDSSJ180253.42+142443.2_15346-59300-0452_5259519624.dat,WDA
wd\SDSSJ113211.42+434209.9_15234-59337-0034_4597929386.dat,WDA
wd\SDSSJ020201.56-030931.9_15045-59223-0378_4375836853.dat,WDA
wd\SDSSJ024116.21-001743.6_15015-59166-0179_4376166145.dat,WDA
wd\SDSSJ074046.69+391445.9_15017-59278-0142_4554151268.dat,WDA
wd\SDSSJ081509.14+392912.3_15026-59257-0126_4555538280.dat,WDA
wd\SDSSJ143443.54+035727.7_15306-59289-0457_4600785796.dat,WDA
wd\SDSSJ082233.25+343317.5_15057-59197-0114_4555373798.dat,WDA
cb_uvex2\SDSSJ160647.87+520707.4_15330-59324-0468_4346414434.dat,WDA
wd\SDSSJ052155.35-033608.2_15110-59215-0089_4416987500.dat,WDA
wd\SDSSJ152941.49+060400.6_15272-59326-0222_5170312125.dat,WDA
wd\SDSSJ065256.38+002125.3_15281-59273-0010_4524245996.dat,WDA
cb_uvex2\SDSSJ163615.24+001018.3_15275-59337-0137_5172787069.dat,WDA
wd\SDSSJ022635.71+531712.1_15217-59238-0270_4302007619.dat,WDA
wd\SDSSJ234710.27+000633.5_15034-59192-0398_4382230174.dat,WDA
wd\SDSSJ085325.55+000514.4_15166-59251-0492_4545161005.dat,WDA
cb_uvex2\SDSSJ143740.60+040554.5_15306-59347-0376_4600807007.dat,WDA
wd\SDSSJ140356.96+623416.1_15303-59340-0207_4349284271.dat,WDA
wd\SDSSJ145754.16+315225.4_15271-59327-0492_4603858311.dat,WDA
wd\SDSSJ081310.96+392250.5_15026-59169-0045_4555536134.dat,WDA
wd\SDSSJ071449.94-241557.9_15116-59218-0471_4457222074.dat,WDA
cb_uvex2\SDSSJ121712.99+205839.7_15295-59352-0067_4599536181.dat,WDA
wd\SDSSJ132123.65-130754.6_15199-59355-0103_4588979381.dat,WDA
wd\SDSSJ180942.22+132349.8_15346-59300-0156_5209094519.dat,WDA
wd\SDSSJ062023.00+405627.6_15197-59245-0102_4552293658.dat,WDA
wd\SDSSJ031140.37+525759.9_15221-59245-0010_4306646950.dat,WDA
cb_uvex2\SDSSJ073907.85+292401.9_15016-59168-0381_4551102560.dat,WDA
wd\SDSSJ053341.84+342649.9_15112-59238-0251_4514845862.dat,WDA
wd\SDSSJ043035.65+362735.6_15223-59265-0193_4515504371.dat,WDA
wd\SDSSJ161750.41+865542.3_15273-59329-0132_4348119570.dat,WDA
wd\SDSSJ133428.97+140647.4_15298-59292-0487_4599887063.dat,WDA
wd\SDSSJ144008.42+035928.4_15306-59289-0371_4600808882.dat,WDA
wd\SDSSJ061652.70+101818.5_15101-59192-0490_4526649578.dat,WDA
wd\SDSSJ143240.22+365943.6_15305-59313-0043_4603886991.dat,WDA
cb_uvex2\SDSSJ143251.75+362943.4_15305-59283-0006_4603885588.dat,WDA
cb_uvex2\SDSSJ013803.37+001603.2_15012-59191-0102_4399905882.dat,WDA
wd\SDSSJ081556.52+345224.3_15025-59255-0199_4555350238.dat,WDA
cb_gaiagalex\SDSSJ162310.49+425831.1_15308-59351-0436_4346147130.dat,WDA
cb_uvex2\SDSSJ132915.70+480655.1_15297-59347-0065_4351692072.dat,WDA
wd\SDSSJ081705.69+252449.7_15053-59230-0450_4554522668.dat,WDA
cb_uvex2\SDSSJ143029.84+330506.7_15325-59347-0136_4603782602.dat,WDA
wd\SDSSJ113341.30+240221.6_15294-59343-0306_4595983904.dat,WDA
cb_uvex2\SDSSJ012528.34+142700.9_15010-59219-0346_4401100401.dat,WDA
wd\SDSSJ165029.88+341125.3_15310-59315-0227_5189661092.dat,WDA
wd\SDSSJ121846.28+301437.2_15249-59265-0143_4601916609.dat,WDA
wd\SDSSJ073142.30-070348.8_15231-59270-0362_4477481995.dat,WDA
wd\SDSSJ052924.32-012835.3_15075-59216-0363_4417260718.dat,WDA
wd\SDSSJ074338.40+383028.4_15017-59278-0113_4554148947.dat,WDA
cb_uvex2\SDSSJ161600.51+515319.1_15330-59344-0265_4346385870.dat,WDA
wd\SDSSJ111711.42+100037.3_15193-59277-0033_4594926439.dat,WDA
wd\SDSSJ072503.25-250656.3_15116-59212-0256_4431874135.dat,WDA
cb_uvex2\SDSSJ015731.50-023038.5_15045-59169-0008_4375869730.dat,WDA
cb_uvex2\SDSSJ004054.72+255927.5_15006-59227-0223_4400911856.dat,WDA
cb_uvex2\SDSSJ143654.82+340400.1_15327-59326-0471_4603803426.dat,WDA
wd\SDSSJ093251.82+043424.6_15270-59284-0060_4592989710.dat,WDA
wd\SDSSJ031623.84+505837.2_15221-59245-0411_4306832329.dat,WDA
cb_uvex2\SDSSJ234615.39-010552.8_15034-59165-0190_4371177885.dat,WDA
wd\SDSSJ062115.44+095218.5_15101-59192-0313_4526670259.dat,WDA
wd\SDSSJ003719.14+003138.1_15005-59167-0271_4399282965.dat,WDA
wd\SDSSJ055143.69+262342.7_15083-59218-0197_4505424064.dat,WDA
cb_uvex2\SDSSJ134005.66+391708.1_15299-59311-0116_4602955779.dat,WDA
wd\SDSSJ075516.05+372416.6_15020-59200-0159_4555263588.dat,WDA
wd\SDSSJ164953.32+340718.4_15310-59347-0389_5189660046.dat,WDA
cb_uvex2\SDSSJ151933.04+570718.8_15307-59290-0008_4349081302.dat,WDA
cb_uvex2\SDSSJ084601.10-010846.0_15164-59200-0477_4492066519.dat,WDA
wd\SDSSJ083834.21+020258.7_15255-59279-0227_4545003271.dat,WDA
cb_uvex2\SDSSJ113539.28+234404.6_15294-59314-0298_4595984450.dat,WDA
wd\SDSSJ112638.02+102848.9_15129-59221-0039_4594959060.dat,WDA
cb_uvex2\SDSSJ074856.44+322416.4_15018-59251-0213_4554665597.dat,WDA
cb_uvex2\SDSSJ163358.47+383550.1_15309-59354-0385_5191560525.dat,WDA
wd\SDSSJ112309.89+584406.6_15235-59315-0025_4359665011.dat,WDA
cb_uvex2\SDSSJ122453.00+483800.3_15238-59257-0112_4352006641.dat,WDA
wd\SDSSJ074438.94+365424.1_15017-59195-0084_4553873306.dat,WDA
cb_uvex2\SDSSJ084052.73+003733.6_15143-59205-0282_4544988149.dat,WDA
wd\SDSSJ152042.96+872532.2_15273-59308-0266_4348127112.dat,WDA
cb_uvex2\SDSSJ074505.47+302730.5_15016-59276-0018_4551564985.dat,WDA
wd\SDSSJ013038.00-001317.4_15011-59222-0374_4375123813.dat,WDA
cb_uvex2\SDSSJ163615.24+001018.3_15275-59337-0137_5172787069.dat,WDA
wd\SDSSJ074816.60+292320.9_15019-59252-0424_4554575737.dat,WDA
wd\SDSSJ133713.95+374007.5_15299-59293-0342_4602877478.dat,WDA
wd\SDSSJ062413.22-011658.4_15139-59205-0047_4470925641.dat,WDA
cb_uvex2\SDSSJ104155.62+372714.1_15291-59350-0416_4597605042.dat,WDA
cb_uvex2\SDSSJ083530.42+262628.7_15060-59222-0280_4555027696.dat,WDA
wd\SDSSJ075649.51+262733.5_15021-59251-0091_4554359355.dat,WDA
wd\SDSSJ074122.77+203539.2_15286-59276-0152_4543098937.dat,WDA
wd\SDSSJ062448.49+000443.3_15139-59205-0271_4522182525.dat,WDA
wd\SDSSJ134526.92-050201.6_15200-59246-0168_4589588465.dat,WDA
wd\SDSSJ140924.12+625702.9_15303-59309-0122_4349244521.dat,WDA
wd\SDSSJ111812.67+095241.4_15193-59248-0400_4594949136.dat,WDA
wd\SDSSJ081532.19+215840.3_15054-59232-0443_4546473790.dat,WDA
wd\SDSSJ051201.48-043318.8_15102-59266-0131_4416873454.dat,WDA
wd\SDSSJ092000.84+025937.3_15265-59316-0208_4592676673.dat,WDA
wd\SDSSJ185505.44+375432.3_15332-59305-0118_5368082482.dat,WDA
wd\SDSSJ071449.94-241557.9_15116-59218-0471_4457222074.dat,WDA
wd\SDSSJ073847.83+301932.2_15016-59146-0131_4551548466.dat,WDA
wd\SDSSJ090151.41+005701.2_15169-59257-0336_4592506166.dat,WDA
wd\SDSSJ012342.63+002010.2_15011-59203-0475_4399875195.dat,WDA
wd\SDSSJ230018.95+182539.6_15028-59197-0283_4383230509.dat,WDA
wd\SDSSJ081647.73+223037.4_15054-59232-0392_4554449112.dat,WDA
wd\SDSSJ175102.23-001045.6_15345-59327-0139_4879853786.dat,WDA
wd\SDSSJ085308.97-001605.4_15164-59200-0492_4492112403.dat,WDA
wd\SDSSJ090609.91+041931.3_15262-59308-0462_4592580180.dat,WDA
wd\SDSSJ085252.81+514246.3_15174-59232-0440_4360809422.dat,WDA
wd\SDSSJ160321.71+530521.1_15330-59344-0460_4346421810.dat,WDA
wd\SDSSJ164719.67+361026.3_15310-59315-0082_5191585965.dat,WDA
wd\SDSSJ120957.71+203616.2_15295-59294-0399_4599514085.dat,WDA
wd\SDSSJ134129.09-054526.4_15200-59324-0469_4589579429.dat,WDA
cb_uvex2\SDSSJ082345.63+355207.3_15055-59230-0336_4555509913.dat,WDA
cb_uvex2\SDSSJ015731.50-023038.5_15045-59202-0462_4375869730.dat,WDA
wd\SDSSJ023815.09+612134.2_15218-59245-0166_4319432501.dat,WDA
wd\SDSSJ175613.13+003043.6_15345-59327-0276_5177577567.dat,WDA
wd\SDSSJ223710.10+394048.5_15082-59215-0131_4397039831.dat,WDA
cb_uvex2\SDSSJ023015.35+010958.8_15014-59165-0162_4401859383.dat,WDA
cb_uvex2\SDSSJ114035.48+591328.9_15235-59254-0012_4359633007.dat,WDA
wd\SDSSJ073817.47+381528.3_15127-59219-0147_4553882032.dat,WDA
wd\SDSSJ071652.33-255659.6_15116-59212-0497_4430087992.dat,WDA
cb_uvex2\SDSSJ165307.00+360134.2_15310-59315-0312_5191653693.dat,WDA
cb_uvex2\SDSSJ151239.21+852109.6_15273-59308-0303_4348160219.dat,WDA
wd\SDSSJ140356.96+623416.1_15303-59340-0207_4349284271.dat,WDA
wd\SDSSJ170659.64+710818.8_15369-59335-0081_4347224810.dat,WDA
wd\SDSSJ012458.25+152152.7_15010-59199-0144_4401110475.dat,WDA
wd\SDSSJ014847.62-000120.9_15013-59221-0468_4375860560.dat,WDA
wd\SDSSJ080259.48+234401.5_15051-59204-0451_4554307473.dat,WDA
wd\SDSSJ173956.43-003902.0_15343-59326-0181_4879012231.dat,WDA
cb_uvex2\SDSSJ085918.84+513306.4_15174-59252-0233_4360812240.dat,WDA
wd\SDSSJ001046.52+582805.4_15078-59188-0350_4293337513.dat,WDA
wd\SDSSJ080847.05+204958.4_15052-59229-0117_4546435956.dat,WDA
wd\SDSSJ091047.40+025817.2_15263-59309-0482_4592586735.dat,WDA
wd\SDSSJ073543.99+301516.4_15016-59219-0086_4551539592.dat,WDA
wd\SDSSJ025746.39+010106.1_15049-59193-0163_4401954031.dat,WDA
cb_uvex2\SDSSJ025403.92-000345.0_15049-59193-0104_4376223143.dat,WDA
wd\SDSSJ161833.80+540012.1_15330-59324-0451_4346352466.dat,WDA
wd\SDSSJ071613.67-244740.8_15116-59212-0194_4457255877.dat,WDA
wd\SDSSJ164648.56+353515.9_15310-59315-0095_5191580214.dat,WDA
wd\SDSSJ074741.41+282104.8_15019-59164-0495_4554370016.dat,WDA
wd\SDSSJ162131.90+635118.2_15347-59301-0381_4347450245.dat,WDA
cb_uvex2\SDSSJ164901.35+341449.9_15310-59339-0400_5189660954.dat,WDA
wd\SDSSJ073852.46+220330.8_15195-59238-0314_4543228993.dat,WDA
wd\SDSSJ075537.17+372138.9_15020-59200-0152_4555263684.dat,WDA
wd\SDSSJ060550.48+230813.7_15077-59189-0172_4538350270.dat,WDA
wd\SDSSJ015900.43-015221.4_15045-59202-0061_4375873228.dat,WDA
wd\SDSSJ113500.53+291206.4_15292-59311-0257_4597306306.dat,WDA
cb_uvex2\SDSSJ073344.05+212118.8_15286-59276-0404_4543017589.dat,WDA
wd\SDSSJ084445.42+024852.4_15165-59202-0086_4545194990.dat,WDA
wd\SDSSJ072719.51-083359.5_15231-59270-0236_4477091512.dat,WDA
wd\SDSSJ074244.78-114927.0_15232-59265-0058_4476682247.dat,WDA
wd\SDSSJ162925.07-002021.0_15275-59337-0431_4862983833.dat,WDA
wd\SDSSJ023124.78+590035.8_15218-59245-0402_4318375751.dat,WDA
wd\SDSSJ171958.28-135033.6_15341-59355-0020_4834695367.dat,WDA
wd\SDSSJ111601.14+404033.4_15352-59358-0451_4597853545.dat,WDA
cb_uvex2\SDSSJ133616.98+151947.5_15298-59351-0119_4599922098.dat,WDA
wd\SDSSJ073456.94+284147.4_15016-59146-0464_4551087676.dat,WDA
wd\SDSSJ022909.93+542355.4_15217-59238-0193_4301960383.dat,WDA
wd\SDSSJ073655.70+194157.0_15286-59276-0329_4543036964.dat,WDA
wd\SDSSJ023031.57+005718.2_15014-59232-0427_4401858951.dat,WDA
wd\SDSSJ221900.07+015117.4_15029-59169-0371_4381184187.dat,WDA
wd\SDSSJ134747.45-060921.2_15349-59304-0303_4591623360.dat,WDA
wd\SDSSJ180600.42+125701.0_15346-59300-0340_5208903819.dat,WDA
wd\SDSSJ072828.06+245327.9_15285-59304-0127_4550839752.dat,WDA
cb_uvex2\SDSSJ153030.07+861105.4_15273-59308-0300_4348153226.dat,WDA
wd\SDSSJ110623.73+394255.6_15352-59358-0025_4597768042.dat,WDA
cb_uvex2\SDSSJ014024.48-000523.5_15012-59166-0337_4375146251.dat,WDA
cb_gaiagalex\SDSSJ073722.30+283413.5_15016-59276-0408_4551089057.dat,WDA
wd\SDSSJ050128.09+223322.8_15072-59186-0096_4500474786.dat,WDA
wd\SDSSJ013358.32-000333.1_15011-59203-0296_4375125792.dat,WDA
wd\SDSSJ134326.28-045346.8_15200-59324-0060_4589588061.dat,WDA
wd\SDSSJ065710.20-042157.5_15282-59275-0104_4478250600.dat,WDA
cb_uvex2\SDSSJ015250.03-001222.1_15013-59165-0120_4375866573.dat,WDA
cb_uvex2\SDSSJ144159.12+025624.5_15306-59347-0084_4600809672.dat,WDA
wd\SDSSJ091203.97+033629.7_15262-59308-0340_4592595094.dat,WDA
cb_uvex2\SDSSJ165712.59+352616.7_15310-59315-0444_5189732395.dat,WDA
cb_uvex3\SDSSJ133448.14+374547.9_15299-59311-0332_4602877123.dat,WDA
wd\SDSSJ135005.30+272545.1_15301-59338-0118_4603039981.dat,WDA
wd\SDSSJ092455.73+043023.9_15265-59292-0098_4592711200.dat,WDA
wd\SDSSJ085203.80+025044.5_15167-59252-0494_4545208046.dat,WDA
wd\SDSSJ015945.13-001035.2_15013-59165-0465_4375886721.dat,WDA
wd\SDSSJ081829.43+245133.9_15053-59230-0076_4554545019.dat,WDA
wd\SDSSJ014051.78+000045.1_15012-59166-0416_4399910730.dat,WDA
wd\SDSSJ013518.27-000814.0_15012-59220-0074_4375144112.dat,WDA
cb_uvex2\SDSSJ085206.20-013952.6_15164-59200-0351_4492063878.dat,WDA
wd\SDSSJ163204.14-005905.5_15275-59337-0301_4862995945.dat,WDA
wd\SDSSJ112820.20+252941.4_15294-59291-0491_4595923691.dat,WDA
wd\SDSSJ073751.43+213457.2_15195-59238-0204_4543092523.dat,WDA
wd\SDSSJ012809.12+143602.1_15010-59219-0270_4401101239.dat,WDA
wd\SDSSJ012451.49+861948.5_15350-59329-0084_4326413202.dat,WDA
wd\SDSSJ080435.46+215647.7_15051-59204-0191_4546331842.dat,WDA
wd\SDSSJ180600.42+125701.0_15346-59300-0340_5208903819.dat,WDA
wd\SDSSJ124259.71+293158.9_15250-59267-0057_4602002689.dat,WDA
wd\SDSSJ170940.41+714551.6_15369-59360-0067_4347221846.dat,WDA
cb_uvex2\SDSSJ003328.71-001610.1_15005-59167-0407_4374638477.dat,WDA
wd\SDSSJ213032.52-014234.3_15027-59159-0287_4367790152.dat,WDA
wd\SDSSJ142122.68+354232.2_15305-59313-0425_4603718481.dat,WDA
wd\SDSSJ051727.71-051523.6_15110-59215-0463_4416877560.dat,WDA
cb_uvex2\SDSSJ042120.77+360000.4_15223-59265-0491_4515424489.dat,WDA
wd\SDSSJ165145.54+354350.9_15310-59315-0247_5191651461.dat,WDA
wd\SDSSJ143443.54+035727.7_15306-59315-0437_4600785796.dat,WDA
wd\SDSSJ160456.94+273430.2_15274-59304-0151_5188072038.dat,WDA
wd\SDSSJ135311.06+025052.6_15201-59328-0140_4600232847.dat,WDA
wd\SDSSJ053137.68-021518.2_15075-59187-0015_4417623658.dat,WDA
cb_uvex2\SDSSJ074029.11+362936.0_15127-59190-0314_4553865336.dat,WDA
wd\SDSSJ082034.27+372136.1_15055-59230-0137_4555516061.dat,WDA
wd\SDSSJ073802.98+180829.4_15192-59302-0093_4542225690.dat,WDA
wd\SDSSJ073455.28+291117.4_15016-59168-0494_4551095423.dat,WDA
wd\SDSSJ064625.23+002715.4_15281-59273-0235_4524095337.dat,WDA
cb_uvex4\SDSSJ092609.70-003134.2_15267-59308-0436_4570528834.dat,WDA
wd\SDSSJ142646.85+091656.7_15202-59309-0213_4600695326.dat,WDA
wd\SDSSJ085648.84+513645.0_15174-59284-0205_4360811556.dat,WDA
cb_uvex2\SDSSJ025202.46-010515.9_15049-59193-0498_4376210625.dat,WDA
cb_uvex2\SDSSJ090952.10+031402.7_15262-59308-0405_4592587154.dat,WDA
cb_uvex2\SDSSJ121503.78+490532.4_15238-59340-0015_4351946638.dat,WDA
wd\SDSSJ181052.36+124026.2_15346-59307-0274_5209035391.dat,WDA
wd\SDSSJ122118.28+504800.5_15237-59338-0359_4351901748.dat,WDA
cb_uvex2\SDSSJ092914.28-003101.8_15267-59308-0391_4570535241.dat,WDA
wd\SDSSJ164719.67+361026.3_15310-59352-0222_5191585965.dat,WDA
cb_uvex2\SDSSJ081028.00+265230.8_15024-59254-0319_4554529071.dat,WDA
wd\SDSSJ085136.20+015445.0_15146-59206-0486_4545155510.dat,WDA
wd\SDSSJ112657.26+434555.6_15234-59309-0360_4597893221.dat,WDA
wd\SDSSJ043149.99+355207.3_15223-59265-0269_4515480061.dat,WDA
wd\SDSSJ074851.29+310019.5_15018-59197-0063_4554605379.dat,WDA
wd\SDSSJ092826.68+044345.5_15265-59292-0184_4592717849.dat,WDA
wd\SDSSJ182241.21+270100.9_15331-59302-0162_5342487319.dat,WDA
cb_uvex2\SDSSJ074940.46+305801.1_15018-59280-0299_4554607366.dat,WDA
wd\SDSSJ040513.18+502946.6_15107-59212-0494_4332141623.dat,WDA
wd\SDSSJ090900.76+011313.6_15169-59313-0244_4592534517.dat,WDA
wd\SDSSJ052625.03-041255.0_15110-59215-0191_4417009028.dat,WDA
wd\SDSSJ051201.17-045717.6_15102-59266-0137_4416870143.dat,WDA
wd\SDSSJ075518.48+290421.8_15019-59199-0035_4554591207.dat,WDA
wd\SDSSJ081255.12+253246.1_15053-59230-0259_4554513043.dat,WDA
wd\SDSSJ165117.54+355923.3_15310-59347-0150_5191652895.dat,WDA
wd\SDSSJ234731.59+845248.5_15350-59329-0500_4286691353.dat,WDA
wd\SDSSJ134919.93-042815.7_15200-59324-0082_4591647157.dat,WDA
wd\SDSSJ075007.15+282357.7_15019-59199-0199_4554377538.dat,WDA
wd\SDSSJ024602.77+002539.4_15015-59222-0290_4401932127.dat,WDA
wd\SDSSJ074419.83+302202.9_15018-59164-0425_4551564230.dat,WDA
wd\SDSSJ082910.92+363709.3_15062-59227-0467_4555692400.dat,WDA
cb_uvex2\SDSSJ080733.37+281554.0_15024-59202-0441_4554634465.dat,WDA
wd\SDSSJ080210.88+230543.2_15051-59204-0495_4546330453.dat,WDA
wd\SDSSJ134751.93-054652.5_15349-59304-0318_4591624506.dat,WDA
cb_uvex2\SDSSJ122043.23+503510.9_15237-59291-0116_4351925199.dat,WDA
wd\SDSSJ143334.13+871627.8_15273-59329-0444_4348169855.dat,WDA
wd\SDSSJ074443.85+372515.0_15017-59147-0293_4553887391.dat,WDA
cb_uvex2\SDSSJ082753.83+282426.5_15058-59195-0278_4555033898.dat,WDA
wd\SDSSJ163716.24+401600.9_15309-59350-0094_5191817263.dat,WDA
wd\SDSSJ092559.91+025636.1_15265-59292-0335_4592698582.dat,WDA
wd\SDSSJ235602.65-000041.4_15035-59190-0398_4371194771.dat,WDA
wd\SDSSJ074148.36+200244.4_15195-59271-0100_4543063622.dat,WDA
cb_uvex2\SDSSJ143547.48+322537.8_15324-59343-0298_4603785834.dat,WDA
wd\SDSSJ115242.14+580146.0_15236-59317-0010_4359639151.dat,WDA
wd\SDSSJ061822.82+105548.4_15101-59192-0130_4527364817.dat,WDA
wd\SDSSJ080638.43+230025.1_15051-59204-0356_4546342339.dat,WDA
wd\SDSSJ071113.93-113721.5_15086-59220-0015_4474359570.dat,WDA
wd\SDSSJ051156.09-033600.5_15102-59210-0108_4416887162.dat,WDA
wd\SDSSJ004646.99-003711.2_15007-59187-0248_4374675455.dat,WDA
wd\SDSSJ051617.16+473618.7_15121-59206-0164_4342720371.dat,WDA
wd\SDSSJ140010.29+610227.3_15303-59280-0392_4349298524.dat,WDA
wd\SDSSJ061627.13+223851.2_15278-59301-0395_4538699640.dat,WDA
wd\SDSSJ084836.07+015222.5_15146-59226-0188_4545146200.dat,WDA
wd\SDSSJ085921.89+043812.4_15260-59304-0139_4545262192.dat,WDA
wd\SDSSJ144633.47+415046.7_15357-59336-0378_4350700248.dat,WDA
wd\SDSSJ120325.13+563659.6_15236-59317-0338_4351549331.dat,WDA
wd\SDSSJ174111.46-080843.8_15283-59279-0404_4873250174.dat,WDA
wd\SDSSJ132040.43-133041.9_15199-59250-0168_4587784274.dat,WDA
wd\SDSSJ073524.12+162622.6_15073-59212-0245_4542153336.dat,WDA
cb_uvex2\SDSSJ074039.81+380726.0_15127-59190-0079_4553888652.dat,WDA
cb_uvex2\SDSSJ085052.21+034443.8_15258-59291-0031_4545212787.dat,WDA
wd\SDSSJ084445.42+024852.4_15146-59226-0482_4545194990.dat,WDA
wd\SDSSJ081718.34+212342.7_15054-59232-0341_4546471312.dat,WDA
cb_uvex2\SDSSJ073707.21+362104.7_15190-59273-0177_4553795905.dat,WDA
wd\SDSSJ143838.62+350935.7_15327-59326-0209_4603878179.dat,WDA
wd\SDSSJ093234.64+012402.1_15269-59280-0427_4592920928.dat,WDA
wd\SDSSJ063737.71+053210.7_15114-59208-0038_4525011192.dat,WDA
wd\SDSSJ121520.33+195438.8_15295-59318-0336_4599361949.dat,WDA
wd\SDSSJ121517.67+194144.2_15295-59352-0333_4599359203.dat,WDA
wd\SDSSJ170114.75+760207.1_15370-59338-0207_4347887677.dat,WDA
wd\SDSSJ090900.76+011313.6_15169-59257-0004_4592534517.dat,WDA
cb_uvex2\SDSSJ080411.76+312630.7_15023-59167-0407_4554712168.dat,WDA
wd\SDSSJ124341.18+624836.1_15239-59344-0262_4351331897.dat,WDA
cb_uvex2\SDSSJ122228.27+494141.1_15237-59338-0330_4351932048.dat,WDA
wd\SDSSJ134830.62+280232.3_15301-59338-0104_4603046733.dat,WDA
wd\SDSSJ082626.60+365207.5_15055-59230-0237_4555520613.dat,WDA
cb_uvex2\SDSSJ093614.80+041523.0_15270-59317-0189_4592981948.dat,WDA
wd\SDSSJ080409.90+355657.5_15022-59165-0195_4555285533.dat,WDA
wd\SDSSJ065256.38+002125.3_15281-59325-0260_4524245996.dat,WDA
wd\SDSSJ000247.39+260817.4_15004-59191-0239_4400709236.dat,WDA
wd\SDSSJ180855.75+144534.2_15346-59300-0122_5259660679.dat,WDA
wd\SDSSJ225715.71+195759.1_15028-59197-0126_4383618640.dat,WDA
wd\SDSSJ085503.63+512626.6_15174-59232-0318_4360811925.dat,WDA
wd\SDSSJ165403.00+340420.7_15310-59315-0287_5189694264.dat,WDA
wd\SDSSJ081623.07+370919.9_15055-59230-0006_4555499700.dat,WDA
wd\SDSSJ142214.76+042404.4_15323-59352-0228_4600459184.dat,WDA
wd\SDSSJ112433.29+591046.6_15235-59281-0490_4359652218.dat,WDA
wd\SDSSJ063614.20+035541.2_15115-59219-0113_4524741996.dat,WDA
wd\SDSSJ174703.54+002608.1_15345-59327-0474_5177332777.dat,WDA
wd\SDSSJ072457.70+233552.2_15191-59247-0103_4543138247.dat,WDA
wd\SDSSJ074151.66+313645.3_15018-59221-0091_4551588312.dat,WDA
wd\SDSSJ060746.07+031946.4_15227-59264-0264_4522014541.dat,WDA
wd\SDSSJ083628.20+354649.6_15062-59227-0336_4555706551.dat,WDA
wd\SDSSJ093141.18-000754.3_15267-59308-0369_4570538280.dat,WDA
wd\SDSSJ074138.91+285657.2_15016-59248-0330_4551111127.dat,WDA
wd\SDSSJ173625.58+040547.8_15342-59328-0470_5178298268.dat,WDA
wd\SDSSJ052651.44+333250.5_15112-59238-0403_4513592886.dat,WDA
wd\SDSSJ091423.42-010300.5_15156-59318-0063_4570402046.dat,WDA
cb_uvex2\SDSSJ081416.54+381207.6_15026-59257-0416_4555526062.dat,WDA
wd\SDSSJ001518.39+010549.1_15039-59202-0240_4399148703.dat,WDA
wd\SDSSJ054319.27+230245.9_15226-59265-0272_4504454723.dat,WDA
cb_uvex2\SDSSJ161607.81+632601.8_15347-59301-0453_4347466477.dat,WDA
wd\SDSSJ011258.40-005952.5_15009-59218-0476_4375030138.dat,WDA
wd\SDSSJ073844.70+310229.2_15016-59193-0248_4551569868.dat,WDA
wd\SDSSJ081449.16+204943.8_15052-59229-0150_4546452116.dat,WDA
wd\SDSSJ031919.02+521249.0_15221-59245-0159_4306817157.dat,WDA
wd\SDSSJ024615.00-013605.2_15015-59192-0350_4376199860.dat,WDA
cb_uvex2\SDSSJ013124.96+013334.6_15011-59203-0092_4399887533.dat,WDA
wd\SDSSJ080357.27+334138.3_15023-59167-0140_4555215616.dat,WDA
wd\SDSSJ082600.58+282346.0_15058-59195-0194_4554788804.dat,WDA
wd\SDSSJ051948.12+491553.5_15121-59212-0413_4342179678.dat,WDA
wd\SDSSJ022709.73+535013.5_15217-59238-0236_4302100240.dat,WDA
wd\SDSSJ080615.21+342929.8_15022-59165-0256_4555231696.dat,WDA
cb_uvex2\SDSSJ083110.01+021657.3_15255-59279-0073_4544956235.dat,WDA
wd\SDSSJ103458.78+373016.0_15291-59350-0133_4597564691.dat,WDA
wd\SDSSJ001000.96+254826.2_15004-59165-0339_4400717512.dat,WDA
wd\SDSSJ143620.07+090524.1_15202-59309-0006_4601003605.dat,WDA
wd\SDSSJ081726.29+254736.7_15053-59230-0447_4554526059.dat,WDA
cb_uvex2\SDSSJ134454.43-064713.3_15200-59305-0241_4589320996.dat,WDA
wd\SDSSJ052508.11-081834.9_15111-59218-0425_4416226265.dat,WDA
wd\SDSSJ163153.44+392357.9_15309-59350-0485_5191810857.dat,WDA
wd\SDSSJ062553.64-002025.1_15139-59205-0018_4471018155.dat,WDA
wd\SDSSJ074046.69+391445.9_15017-59163-0154_4554151268.dat,WDA
wd\SDSSJ012535.01+160603.5_15010-59199-0167_4401115716.dat,WDA
wd\SDSSJ112023.51+104035.5_15193-59248-0161_4594994873.dat,WDA
cb_uvex2\SDSSJ083201.31+022937.3_15255-59279-0050_4544967779.dat,WDA
wd\SDSSJ083349.87+275237.3_15060-59222-0161_4555039794.dat,WDA
wd\SDSSJ073813.66+283248.3_15016-59168-0412_4551091914.dat,WDA
wd\SDSSJ111754.67+104509.2_15193-59248-0206_4594994399.dat,WDA
wd\SDSSJ080530.98+315247.4_15023-59232-0438_4554726149.dat,WDA
wd\SDSSJ041101.59+505913.4_15107-59212-0383_4334165138.dat,WDA
wd\SDSSJ122032.63+275115.4_15249-59265-0370_4601873180.dat,WDA
wd\SDSSJ165133.74+355356.8_15310-59339-0150_5191651849.dat,WDA
wd\SDSSJ014023.68+003650.3_15012-59191-0166_4399907278.dat,WDA
wd\SDSSJ080049.13+362249.3_15022-59252-0414_4555280889.dat,WDA
wd\SDSSJ093045.08-010326.5_15267-59308-0119_4570533577.dat,WDA
cb_uvex2\SDSSJ080823.96+385317.1_15026-59257-0038_4555521629.dat,WDA
wd\SDSSJ134514.35+262849.2_15301-59338-0392_4602303644.dat,WDA
cb_uvex2\SDSSJ160756.74+532540.8_15330-59324-0111_4346417592.dat,WDA
wd\SDSSJ112949.74+572315.4_15235-59346-0420_4359801019.dat,WDA
wd\SDSSJ160128.13+284504.3_15274-59329-0049_5188198971.dat,WDA
wd\SDSSJ084547.42-002247.8_15164-59200-0125_4492072438.dat,WDA
cb_uvex2\SDSSJ121014.94+193310.4_15295-59318-0453_4599336039.dat,WDA
wd\SDSSJ074107.26+310612.8_15016-59276-0089_4551581537.dat,WDA
wd\SDSSJ160629.50+530447.1_15330-59344-0492_4346413277.dat,WDA
wd\SDSSJ020321.29-025749.1_15045-59169-0300_4375875479.dat,WDA
wd\SDSSJ090120.65+504414.1_15174-59252-0188_4360847800.dat,WDA
cb_uvex2\SDSSJ164000.78+403810.3_15309-59354-0079_5191897328.dat,WDA
wd\SDSSJ061631.56+412526.2_15197-59245-0436_4552852438.dat,WDA
cb_gaiagalex\SDSSJ073722.30+283413.5_15016-59248-0404_4551089057.dat,WDA
wd\SDSSJ073802.98+180829.4_15073-59186-0415_4542225690.dat,WDA
wd\SDSSJ132130.36-135326.5_15199-59247-0418_4587782793.dat,WDA
wd\SDSSJ012333.46+005138.0_15011-59222-0024_4399878559.dat,WDA
wd\SDSSJ085712.69+031913.0_15260-59304-0445_4545244221.dat,WDA
cb_uvex2\SDSSJ133713.68+134210.3_15298-59351-0376_4599907159.dat,WDA
wd\SDSSJ180436.62+125407.2_15346-59307-0435_5208895759.dat,WDA
wd\SDSSJ013045.53-002010.9_15011-59203-0340_4375123830.dat,WDA
cb_uvex2\SDSSJ001053.65+254942.0_15004-59217-0266_4400723974.dat,WDA
wd\SDSSJ004020.61+245433.2_15006-59227-0302_4400903623.dat,WDA
wd\SDSSJ135741.67+530318.8_15302-59339-0315_4351152269.dat,WDA
cb_uvex2\SDSSJ161754.33+665900.8_15368-59359-0438_4347429031.dat,WDA
wd\SDSSJ130602.76+561534.9_15348-59302-0382_4351439329.dat,WDA
wd\SDSSJ082551.23+293450.4_15058-59195-0245_4554829869.dat,WDA
wd\SDSSJ174226.17+044833.0_15342-59328-0336_5178489075.dat,WDA
wd\SDSSJ081754.08+370959.5_15055-59230-0064_4555500217.dat,WDA
wd\SDSSJ080147.47+223419.7_15051-59204-0256_4546324122.dat,WDA
wd\SDSSJ161726.45+674139.8_15368-59359-0491_4347554951.dat,WDA
cb_uvex2\SDSSJ234906.02+000742.5_15034-59165-0319_4382230885.dat,WDA
wd\SDSSJ073748.56+381953.4_15017-59195-0492_4553882711.dat,WDA
wd\SDSSJ131751.54-125709.0_15199-59247-0232_4588976349.dat,WDA
cb_uvex2\SDSSJ173713.39+774916.8_15370-59338-0330_4347755397.dat,WDA
wd\SDSSJ011258.40-005952.5_15009-59218-0476_4375030138.dat,WDA
wd\SDSSJ073307.88+364922.4_15190-59267-0242_4553825196.dat,WDA
wd\SDSSJ091659.83+032638.6_15263-59309-0320_4592673486.dat,WDA
wd\SDSSJ083400.31+271712.3_15060-59222-0204_4555037084.dat,WDA
cb_uvex2\SDSSJ134816.36+034113.1_15201-59273-0204_4600273766.dat,WDA
wd\SDSSJ073555.53-112502.2_15232-59265-0444_4476578249.dat,WDA
wd\SDSSJ075014.67+301011.0_15019-59252-0115_4554586007.dat,WDA
wd\SDSSJ090511.55+024902.8_15169-59257-0109_4592564962.dat,WDA
wd\SDSSJ142638.49+052804.5_15323-59352-0047_4600471464.dat,WDA
wd\SDSSJ083022.89+272244.3_15058-59195-0286_4555024458.dat,WDA
wd\SDSSJ212216.47-001825.5_15027-59159-0035_4367760257.dat,WDA
cb_uvex2\SDSSJ161206.90+542034.6_15329-59343-0317_4346404504.dat,WDA
cb_uvex2\SDSSJ080401.39+341759.5_15022-59252-0060_4555226860.dat,WDA
wd\SDSSJ083949.96+362509.0_15062-59227-0271_4555729695.dat,WDA
cb_uvex2\SDSSJ135434.61+031318.5_15201-59279-0060_4600281857.dat,WDA
cb_uvex2\SDSSJ161854.18+530050.2_15330-59344-0293_4346394028.dat,WDA
wd\SDSSJ080356.81+342133.0_15022-59252-0055_4555229174.dat,WDA
wd\SDSSJ074123.34+365024.9_15017-59195-0171_4553869912.dat,WDA
wd\SDSSJ052935.40-024523.6_15075-59187-0336_4417189746.dat,WDA
wd\SDSSJ163022.87+671245.7_15368-59359-0302_4347420862.dat,WDA
wd\SDSSJ073748.56+381953.4_15017-59220-0100_4553882711.dat,WDA
wd\SDSSJ085030.34+015645.7_15165-59202-0406_4545153768.dat,WDA
wd\SDSSJ124251.79+282811.9_15250-59267-0314_4601972648.dat,WDA
cb_uvex2\SDSSJ172103.67+780034.6_15370-59338-0411_4347786311.dat,WDA
wd\SDSSJ051747.28+501814.4_15121-59206-0365_4342127317.dat,WDA
cb_uvex2\SDSSJ235213.82+004947.8_15034-59165-0340_4382235187.dat,WDA
cb_uvex2\SDSSJ080341.79+222616.1_15051-59204-0229_4546333130.dat,WDA
cb_uvex2\SDSSJ085032.59+023217.3_15146-59206-0380_4545158311.dat,WDA
wd\SDSSJ141513.23+630413.2_15303-59280-0030_4349237503.dat,WDA
cb_uvex2\SDSSJ082052.21+375844.6_15026-59257-0292_4555543262.dat,WDA
wd\SDSSJ082227.11+365753.7_15055-59230-0219_4555515742.dat,WDA
wd\SDSSJ112531.08+570406.0_15235-59315-0485_4359805449.dat,WDA
wd\SDSSJ025837.23+000019.3_15049-59193-0220_4401952366.dat,WDA
wd\SDSSJ091133.62+032530.2_15263-59315-0467_4592594773.dat,WDA
cb_uvex2\SDSSJ124839.49+631429.5_15239-59264-0253_4349843334.dat,WDA
wd\SDSSJ233750.01-011647.2_15033-59164-0140_4371139629.dat,WDA
wd\SDSSJ072415.06-251706.6_15116-59218-0002_4431868343.dat,WDA
wd\SDSSJ075516.05+372416.6_15020-59284-0383_4555263588.dat,WDA
wd\SDSSJ021026.09-024113.7_15046-59200-0146_4375936713.dat,WDA
wd\SDSSJ165123.59+350039.6_15310-59339-0139_5189714526.dat,WDA
wd\SDSSJ075109.93+282853.8_15019-59164-0413_4554378618.dat,WDA
cb_uvex2\SDSSJ134414.06+280002.9_15301-59314-0407_4602334068.dat,WDA
wd\SDSSJ074138.91+285657.2_15016-59146-0317_4551111127.dat,WDA
cb_uvex2\SDSSJ115039.29+563006.1_15236-59317-0496_4359789013.dat,WDA
wd\SDSSJ223654.73+642619.8_15081-59210-0395_4276676645.dat,WDA
wd\SDSSJ074621.12+315253.5_15018-59197-0392_4554659280.dat,WDA
wd\SDSSJ150826.33+844828.0_15273-59308-0381_4348105031.dat,WDA
wd\SDSSJ075938.05+381920.4_15020-59223-0446_4555423217.dat,WDA
wd\SDSSJ140644.73+534459.5_15304-59312-0246_4350976036.dat,WDA
wd\SDSSJ080435.46+215647.7_15051-59204-0191_4546331842.dat,WDA
cb_uvex2\SDSSJ142041.94+033431.3_15323-59352-0329_4600444594.dat,WDA
wd\SDSSJ132726.90-134237.1_15199-59279-0019_4587936471.dat,WDA
wd\SDSSJ124101.37+623854.9_15239-59293-0064_4351337181.dat,WDA
wd\SDSSJ085712.69+031913.0_15260-59304-0445_4545244221.dat,WDA
wd\SDSSJ183042.88+254421.5_15331-59302-0283_5270519537.dat,WDA
wd\SDSSJ143443.54+035727.7_15306-59315-0437_4600785796.dat,WDA
wd\SDSSJ063158.70+180826.6_15229-59303-0203_4537414200.dat,WDA
wd\SDSSJ165344.72+731551.0_15369-59360-0448_4347276619.dat,WDA
wd\SDSSJ015939.33-030053.3_15045-59169-0002_4375869220.dat,WDA
wd\SDSSJ074250.96-132238.7_15232-59265-0024_4466342870.dat,WDA
wd\SDSSJ013822.45+842112.8_15194-59243-0246_4326226363.dat,WDA
wd\SDSSJ152112.87+561609.9_15307-59290-0289_4346728303.dat,WDA
cb_uvex2\SDSSJ020036.07-023815.7_15045-59169-0193_4375871171.dat,WDA
wd\SDSSJ075539.15+300712.8_15019-59164-0018_4554613051.dat,WDA
wd\SDSSJ163944.63+383346.7_15309-59312-0261_5191718549.dat,WDA
wd\SDSSJ133034.43+471158.0_15296-59346-0265_4351695334.dat,WDA
cb_uvex2\SDSSJ122614.35+512320.3_15237-59291-0267_4351898577.dat,WDA
wd\SDSSJ053106.02+351840.4_15112-59238-0212_4514056747.dat,WDA
wd\SDSSJ020901.42+571459.1_15106-59209-0033_4301242423.dat,WDA
wd\SDSSJ074722.13+295014.7_15019-59164-0182_4554581007.dat,WDA
cb_uvex2\SDSSJ013210.35-001034.1_15011-59203-0295_4375125235.dat,WDA
cb_uvex2\SDSSJ142947.01+871249.9_15273-59308-0444_4348169910.dat,WDA
cb_uvex4\SDSSJ092609.70-003134.2_15267-59308-0436_4570528834.dat,WDA
wd\SDSSJ085252.81+514246.3_15174-59252-0422_4360809422.dat,WDA
wd\SDSSJ063328.63+104213.5_15103-59268-0134_4528945959.dat,WDA
wd\SDSSJ073447.03+175650.5_15073-59186-0497_4542207877.dat,WDA
wd\SDSSJ133942.48+490652.5_15297-59291-0021_4351661634.dat,WDA
wd\SDSSJ044251.40+463725.8_15224-59238-0390_4337758218.dat,WDA
wd\SDSSJ073806.82+294722.8_15016-59276-0179_4551541253.dat,WDA
wd\SDSSJ021727.44-023425.8_15047-59230-0341_4375944122.dat,WDA
wd\SDSSJ065024.71-051813.0_15282-59293-0067_4471908722.dat,WDA
wd\SDSSJ152721.05+080852.0_15272-59326-0261_5170329701.dat,WDA
wd\SDSSJ082034.27+372136.1_15055-59230-0137_4555516061.dat,WDA
cb_uvex2\SDSSJ143654.82+340400.1_15327-59326-0471_4603803426.dat,WDA
wd\SDSSJ070015.97+024406.3_15336-59294-0053_4530261596.dat,WDA
wd\SDSSJ171219.29+715744.0_15369-59335-0064_4347220959.dat,WDA
wd\SDSSJ063336.68+034721.3_15114-59191-0383_4524683749.dat,WDA
cb_uvex2\SDSSJ162441.86+635746.2_15347-59301-0347_4347446075.dat,WDA
wd\SDSSJ064319.88+004516.0_15281-59273-0496_4524061904.dat,WDA
wd\SDSSJ163153.44+392357.9_15309-59312-0487_5191810857.dat,WDA
wd\SDSSJ161837.70+864325.6_15273-59360-0133_4348120974.dat,WDA
wd\SDSSJ152300.28+844656.7_15273-59329-0243_4348103509.dat,WDA
wd\SDSSJ015142.82+011102.1_15013-59165-0165_4401491976.dat,WDA
wd\SDSSJ060835.61+015705.4_15227-59264-0220_4521961308.dat,WDA
wd\SDSSJ135311.06+025052.6_15201-59306-0138_4600232847.dat,WDA
wd\SDSSJ173724.37+053335.0_15342-59328-0238_5178561194.dat,WDA
wd\SDSSJ073844.70+310229.2_15016-59248-0107_4551569868.dat,WDA
wd\SDSSJ162526.01+653347.2_15368-59359-0122_4347416181.dat,WDA
wd\SDSSJ111754.67+104509.2_15129-59278-0495_4594994399.dat,WDA
wd\SDSSJ001159.64+254743.8_15004-59217-0300_4400719831.dat,WDA
wd\SDSSJ082537.16+351635.3_15057-59197-0211_4555508856.dat,WDA
wd\SDSSJ162520.44+432936.8_15308-59351-0403_4346116944.dat,WDA
wd\SDSSJ063509.25+174137.2_15229-59303-0067_4537399829.dat,WDA
cb_uvex2\SDSSJ081251.65+193719.6_15052-59229-0297_4546379377.dat,WDA
cb_uvex2\SDSSJ013803.37+001603.2_15012-59166-0206_4399905882.dat,WDA
wd\SDSSJ163312.16+662710.6_15368-59359-0074_4347417848.dat,WDA
cb_uvex2\SDSSJ051638.66+495209.7_15121-59206-0372_4342051485.dat,WDA
wd\SDSSJ113345.05+565329.5_15235-59346-0335_4359802298.dat,WDA
cb_uvex2\SDSSJ155813.59+291035.7_15274-59304-0485_5188200595.dat,WDA
wd\SDSSJ074059.13+380810.1_15017-59250-0399_4553889417.dat,WDA
wd\SDSSJ124038.83+152900.0_15355-59359-0135_4599401599.dat,WDA
wd\SDSSJ184805.28+363321.2_15332-59305-0478_5367916350.dat,WDA
wd\SDSSJ180247.67+124532.6_15346-59300-0465_5208854383.dat,WDA
cb_uvex2\SDSSJ143226.28+332012.5_15325-59347-0100_4603786771.dat,WDA
wd\SDSSJ082928.16+281826.3_15058-59195-0384_4555034362.dat,WDA
wd\SDSSJ224137.46+383011.7_15082-59215-0003_4396729700.dat,WDA
wd\SDSSJ120614.24+571058.6_15236-59290-0039_4351540397.dat,WDA
wd\SDSSJ054247.60+231104.9_15226-59265-0351_4504454568.dat,WDA
wd\SDSSJ151913.81+555419.8_15307-59290-0242_4346728041.dat,WDA
wd\SDSSJ081537.27+213919.1_15052-59229-0454_4546471574.dat,WDA
wd\SDSSJ065759.52-050454.3_15282-59275-0058_4478236038.dat,WDA
wd\SDSSJ142743.36+082527.3_15202-59309-0449_4600956855.dat,WDA
wd\SDSSJ075305.31+365108.6_15020-59248-0225_4555257353.dat,WDA
cb_uvex2\SDSSJ074000.11+370634.8_15190-59248-0213_4553863716.dat,WDA
wd\SDSSJ181241.23+134339.7_15346-59300-0019_5209157718.dat,WDA
wd\SDSSJ063442.29+034302.5_15115-59219-0179_4524685750.dat,WDA
wd\SDSSJ083553.88+211819.9_15061-59226-0167_4554852815.dat,WDA
wd\SDSSJ015657.87+004037.8_15013-59221-0225_4401495932.dat,WDA
wd\SDSSJ074338.40+383028.4_15017-59278-0113_4554148947.dat,WDA
wd\SDSSJ073743.39+283426.0_15016-59193-0141_4551091848.dat,WDA
cb_uvex2\SDSSJ121503.78+490532.4_15238-59257-0219_4351946638.dat,WDA
wd\SDSSJ103923.55+354933.1_15291-59350-0424_4597575549.dat,WDA
wd\SDSSJ123747.58+290821.8_15250-59267-0200_4601986876.dat,WDA
wd\SDSSJ143036.70+353425.2_15305-59283-0280_4603862075.dat,WDA
wd\SDSSJ061645.16+094222.0_15101-59192-0436_4526577214.dat,WDA
cb_uvex2\SDSSJ075116.57+315529.5_15018-59197-0274_4554666796.dat,WDA
wd\SDSSJ092547.59+042248.6_15265-59292-0144_4592711271.dat,WDA
wd\SDSSJ130553.72+555149.3_15198-59273-0328_4351441719.dat,WDA
wd\SDSSJ072155.41+233314.4_15285-59276-0254_4542841940.dat,WDA
cb_uvex2\SDSSJ161854.18+530050.2_15330-59324-0149_4346394028.dat,WDA
wd\SDSSJ083201.99-010514.6_15254-59276-0386_4491883843.dat,WDA
cb_uvex2\SDSSJ082052.21+375844.6_15026-59169-0295_4555543262.dat,WDA
wd\SDSSJ133533.82+151154.5_15298-59351-0124_4599921674.dat,WDA
wd\SDSSJ165141.43+350912.7_15310-59352-0085_5189719129.dat,WDA
wd\SDSSJ055526.94+235004.4_15084-59215-0424_4505260783.dat,WDA
cb_uvex2\SDSSJ134653.20+015353.5_15201-59273-0440_4600217774.dat,WDA
cb_uvex2\SDSSJ162039.88+433148.4_15308-59312-0028_4346151967.dat,WDA
wd\SDSSJ134919.93-042815.7_15349-59304-0085_4591647157.dat,WDA
wd\SDSSJ045727.94+231450.4_15072-59216-0491_4500648973.dat,WDA
wd\SDSSJ134317.85-054536.2_15200-59273-0481_4589580198.dat,WDA
wd\SDSSJ084221.58+045335.9_15257-59288-0082_4545116196.dat,WDA
wd\SDSSJ074133.08+383122.6_15017-59147-0219_4554146363.dat,WDA
wd\SDSSJ182837.51+262616.6_15331-59328-0316_5343102131.dat,WDA
cb_uvex2\SDSSJ122956.05+632242.6_15239-59293-0427_4349851665.dat,WDA
cb_uvex2\SDSSJ162600.42+443523.3_15308-59312-0257_4346124373.dat,WDA
wd\SDSSJ061515.11+405410.4_15197-59271-0425_4552283707.dat,WDA
wd\SDSSJ081101.48+393058.0_15026-59257-0062_4555532534.dat,WDA
cb_uvex2\SDSSJ162140.63+654941.9_15368-59359-0175_4347417376.dat,WDA
wd\SDSSJ073748.56+381953.4_15190-59248-0280_4553882711.dat,WDA
cb_uvex2\SDSSJ162718.94+852046.9_15273-59308-0021_4348090957.dat,WDA
wd\SDSSJ233647.05-005115.2_15033-59164-0153_4371143040.dat,WDA
cb_uvex2\SDSSJ165115.13+724714.7_15369-59360-0425_4347277465.dat,WDA
wd\SDSSJ113333.54+283225.2_15292-59339-0289_4597305359.dat,WDA
wd\SDSSJ143334.13+871627.8_15273-59360-0450_4348169855.dat,WDA
cb_uvex2\SDSSJ080823.43+323731.8_15023-59232-0394_4555291613.dat,WDA
wd\SDSSJ000127.49+003759.1_15035-59190-0234_4399102722.dat,WDA
cb_uvex2\SDSSJ090542.95+510744.8_15174-59232-0025_4360832115.dat,WDA
wd\SDSSJ015557.78+004649.2_15013-59165-0377_4401495600.dat,WDA
cb_gaiagalex\SDSSJ073722.30+283413.5_15016-59168-0422_4551089057.dat,WDA
wd\SDSSJ085000.31-010631.2_15164-59200-0272_4492078078.dat,WDA
wd\SDSSJ073819.57+282126.9_15016-59276-0403_4551070533.dat,WDA
cb_uvex2\SDSSJ003650.28+243150.6_15006-59227-0414_4400884168.dat,WDA
wd\SDSSJ072730.64+225101.4_15285-59276-0136_4543140096.dat,WDA
wd\SDSSJ092550.62+032808.8_15265-59316-0110_4592699631.dat,WDA
wd\SDSSJ055143.69+262342.7_15083-59218-0197_4505424064.dat,WDA
cb_uvex2\SDSSJ085255.68+020025.3_15146-59226-0067_4545182636.dat,WDA
wd\SDSSJ001627.90+595926.8_15078-59188-0014_4293758135.dat,WDA
wd\SDSSJ070330.59-115231.4_15086-59267-0433_4473910273.dat,WDA
cb_uvex2\SDSSJ162039.88+433148.4_15308-59312-0028_4346151967.dat,WDA
cb_uvex2\SDSSJ083317.76+025015.9_15255-59279-0106_4545036302.dat,WDA
cb_uvex2\SDSSJ091803.87-003047.4_15170-59292-0256_4570497123.dat,WDA
cb_uvex2\SDSSJ165712.59+352616.7_15310-59315-0444_5189732395.dat,WDA
wd\SDSSJ221613.58+010455.9_15029-59169-0464_4381161380.dat,WDA
wd\SDSSJ083628.20+354649.6_15062-59227-0336_4555706551.dat,WDA
wd\SDSSJ172042.31+772723.7_15370-59338-0387_4347772205.dat,WDA
wd\SDSSJ071952.76-261535.9_15116-59218-0338_4430052197.dat,WDA
wd\SDSSJ092509.60+033828.9_15266-59345-0222_4592700758.dat,WDA
wd\SDSSJ073217.28+235259.1_15191-59247-0079_4543206212.dat,WDA
wd\SDSSJ073004.60+234547.6_15285-59276-0316_4543200575.dat,WDA
cb_uvex2\SDSSJ080411.76+312630.7_15023-59253-0401_4554712168.dat,WDA
wd\SDSSJ045931.93+231752.7_15072-59216-0452_4500651994.dat,WDA
wd\SDSSJ133514.49+505012.5_15300-59351-0384_4351207958.dat,WDA
cb_uvex2\SDSSJ081552.51+374624.5_15026-59169-0346_4555502435.dat,WDA
wd\SDSSJ061920.37+212814.2_15113-59190-0331_4538555836.dat,WDA
wd\SDSSJ080647.41+314420.1_15023-59167-0372_4554726588.dat,WDA
wd\SDSSJ062030.01+163210.7_15228-59269-0465_4535535029.dat,WDA
wd\SDSSJ144452.49+420034.7_15357-59336-0414_4350700888.dat,WDA
cb_uvex2\SDSSJ225545.11+181328.8_15028-59197-0412_4383199105.dat,WDA
wd\SDSSJ080114.00+374042.0_15020-59223-0498_4555415382.dat,WDA
cb_uvex2\SDSSJ150036.07+331931.2_15271-59306-0010_5188442972.dat,WDA
wd\SDSSJ144324.56+334101.8_15327-59326-0292_4603874993.dat,WDA
wd\SDSSJ054800.65+180842.3_15100-59204-0216_4502892195.dat,WDA
wd\SDSSJ073307.88+364922.4_15190-59267-0242_4553825196.dat,WDA
cb_uvex2\SDSSJ212400.17-015931.7_15027-59159-0483_4367769595.dat,WDA
wd\SDSSJ012840.82+135406.0_15010-59199-0288_4401104895.dat,WDA
wd\SDSSJ091356.45+043002.9_15262-59308-0079_4592607627.dat,WDA
wd\SDSSJ085407.36+024335.9_15167-59252-0348_4545232323.dat,WDA
wd\SDSSJ074837.32+384122.7_15017-59163-0014_4555387139.dat,WDA
wd\SDSSJ162040.97+680308.3_15368-59359-0443_4347550829.dat,WDA
wd\SDSSJ135435.36+024825.5_15201-59306-0040_4600233414.dat,WDA
wd\SDSSJ000611.86+590013.5_15076-59207-0113_4293384582.dat,WDA
wd\SDSSJ113118.08+262117.9_15293-59312-0342_4595927220.dat,WDA
cb_uvex2\SDSSJ090006.92+001506.4_15166-59251-0048_4592500603.dat,WDA
cb_uvex2\SDSSJ081523.27+345055.9_15025-59255-0192_4555349135.dat,WDA
wd\SDSSJ141353.22+542038.6_15304-59281-0244_4350971247.dat,WDA
wd\SDSSJ063257.80-050549.7_15279-59302-0246_4471355863.dat,WDA
wd\SDSSJ015638.71-013118.1_15045-59223-0027_4375864388.dat,WDA
wd\SDSSJ113601.76+242927.7_15294-59291-0026_4595987667.dat,WDA
wd\SDSSJ061615.22+400310.6_15197-59245-0189_4552221553.dat,WDA
wd\SDSSJ060144.66+232451.5_15077-59189-0041_4538330883.dat,WDA
wd\SDSSJ121805.04+213326.3_15295-59294-0045_4599540387.dat,WDA
wd\SDSSJ075832.56+370946.1_15020-59200-0070_4555282818.dat,WDA
cb_uvex2\SDSSJ083619.25+014148.1_15143-59205-0139_4544964170.dat,WDA
wd\SDSSJ160926.35+532307.4_15330-59324-0199_4346412107.dat,WDA
cb_uvex2\SDSSJ081356.73+222011.4_15054-59232-0467_4546474340.dat,WDA
wd\SDSSJ085203.80+025044.5_15167-59252-0494_4545208046.dat,WDA
cb_uvex2\SDSSJ165300.77+333344.4_15310-59352-0302_5189685452.dat,WDA
wd\SDSSJ012840.82+135406.0_15010-59199-0288_4401104895.dat,WDA
cb_uvex2\SDSSJ083006.90+294220.7_15058-59195-0445_4555074646.dat,WDA
wd\SDSSJ085252.81+514246.3_15244-59257-0295_4360809422.dat,WDA
wd\SDSSJ061627.78+262139.2_15085-59216-0137_4539534215.dat,WDA
wd\SDSSJ091451.47+032232.9_15263-59315-0344_4592596972.dat,WDA
cb_uvex2\SDSSJ122228.27+494141.1_15238-59257-0088_4351932048.dat,WDA
wd\SDSSJ143838.62+350935.7_15327-59326-0209_4603878179.dat,WDA
wd\SDSSJ001131.37+581929.8_15078-59204-0334_4293334596.dat,WDA
wd\SDSSJ113156.71+431652.6_15234-59337-0270_4597927815.dat,WDA
wd\SDSSJ181052.36+124026.2_15346-59300-0098_5209035391.dat,WDA
wd\SDSSJ132718.49+471132.8_15296-59317-0118_4351697365.dat,WDA
wd\SDSSJ152729.44+081141.8_15272-59305-0270_5170329814.dat,WDA
wd\SDSSJ134213.13+141113.6_15298-59351-0253_4599915562.dat,WDA
wd\SDSSJ071719.25-244138.0_15116-59212-0189_4457263453.dat,WDA
wd\SDSSJ230118.52+190745.2_15028-59197-0266_4383235950.dat,WDA
cb_uvex2\SDSSJ073916.54+201457.5_15195-59238-0299_4543078303.dat,WDA
wd\SDSSJ144114.78+050418.6_15306-59347-0140_4600826643.dat,WDA
wd\SDSSJ164411.61+715824.3_15369-59360-0257_4347298748.dat,WDA
wd\SDSSJ020039.09-011626.7_15045-59202-0100_4375883679.dat,WDA
wd\SDSSJ165058.68+334819.5_15310-59339-0349_5189686227.dat,WDA
wd\SDSSJ073854.30+175545.8_15073-59186-0384_4542216280.dat,WDA
cb_uvex2\SDSSJ165418.61+353040.1_15310-59352-0043_5189723510.dat,WDA
wd\SDSSJ063806.05+041715.9_15122-59238-0466_4524756576.dat,WDA
cb_uvex2\SDSSJ135434.61+031318.5_15201-59273-0018_4600281857.dat,WDA
wd\SDSSJ142852.12+310621.0_15324-59343-0134_4603753259.dat,WDA
cb_uvex2\SDSSJ165359.34+335239.0_15310-59315-0293_5189689632.dat,WDA
wd\SDSSJ134747.45-060921.2_15200-59324-0301_4591623360.dat,WDA
wd\SDSSJ233956.93+003729.4_15033-59200-0087_4382199395.dat,WDA
wd\SDSSJ112133.97+104452.6_15129-59250-0377_4594996499.dat,WDA
wd\SDSSJ025205.45+725403.7_15074-59189-0299_4325512578.dat,WDA
wd\SDSSJ022743.64+604038.2_15218-59245-0080_4318459883.dat,WDA
wd\SDSSJ143728.89+403213.5_15357-59336-0219_4350786113.dat,WDA
wd\SDSSJ115705.78+580439.9_15236-59290-0443_4359637971.dat,WDA
cb_uvex2\SDSSJ074537.85+365749.5_15017-59250-0283_4553874096.dat,WDA
wd\SDSSJ000104.06+000355.8_15035-59190-0279_4399101269.dat,WDA
wd\SDSSJ113149.36+575436.0_15235-59346-0356_4359663143.dat,WDA
wd\SDSSJ144135.53+050817.0_15306-59289-0072_4600827183.dat,WDA
wd\SDSSJ133516.10+500131.7_15300-59351-0113_4351659312.dat,WDA
wd\SDSSJ045931.93+231752.7_15072-59186-0198_4500651994.dat,WDA
wd\SDSSJ081323.22+242033.9_15053-59230-0267_4554467323.dat,WDA
wd\SDSSJ163153.44+392357.9_15309-59350-0485_5191810857.dat,WDA
cb_uvex2\SDSSJ012929.99+003411.3_15011-59203-0360_4399883262.dat,WDA
wd\SDSSJ075236.30+303240.3_15019-59164-0049_4554611564.dat,WDA
wd\SDSSJ112803.20+573500.3_15235-59281-0224_4359800632.dat,WDA
wd\SDSSJ051433.52+485754.2_15121-59212-0109_4342100353.dat,WDA
wd\SDSSJ163153.44+392357.9_15309-59354-0483_5191810857.dat,WDA
wd\SDSSJ225337.25+201003.5_15028-59166-0449_4383606032.dat,WDA
wd\SDSSJ075448.36+285530.5_15019-59281-0270_4554590068.dat,WDA
wd\SDSSJ133532.95+393244.0_15299-59311-0286_4602954513.dat,WDA
wd\SDSSJ073819.57+282126.9_15016-59276-0403_4551070533.dat,WDA
cb_uvex2\SDSSJ152725.57+072703.6_15272-59305-0286_5170325094.dat,WDA
wd\SDSSJ133442.16+472902.5_15297-59291-0366_4351688767.dat,WDA
wd\SDSSJ160321.71+530521.1_15330-59324-0036_4346421810.dat,WDA
wd\SDSSJ073209.99+204136.9_15286-59294-0499_4543002592.dat,WDA
cb_uvex2\SDSSJ084729.57+002607.3_15164-59200-0171_4545124796.dat,WDA
cb_uvex2\SDSSJ162843.53+450314.2_15308-59342-0065_4346122541.dat,WDA
cb_uvex2\SDSSJ234548.59-003216.0_15034-59192-0427_4371181794.dat,WDA
wd\SDSSJ093158.74+025528.8_15269-59280-0065_4592705869.dat,WDA
wd\SDSSJ074338.40+383028.4_15017-59195-0358_4554148947.dat,WDA
wd\SDSSJ112851.71+261155.1_15293-59293-0333_4595926780.dat,WDA
wd\SDSSJ052651.44+333250.5_15112-59238-0403_4513592886.dat,WDA
wd\SDSSJ142002.02+361551.4_15305-59283-0215_4603719444.dat,WDA
wd\SDSSJ000439.49+842345.5_15350-59329-0491_4326134652.dat,WDA
cb_uvex2\SDSSJ132110.45-133149.2_15199-59247-0131_4587784328.dat,WDA
wd\SDSSJ121027.32+202436.6_15295-59294-0430_4599339869.dat,WDA
wd\SDSSJ162210.98+652542.0_15347-59301-0115_4347477702.dat,WDA
wd\SDSSJ064747.48+040121.2_15122-59238-0022_4525207320.dat,WDA
wd\SDSSJ151848.80+564036.2_15307-59344-0035_4346728741.dat,WDA
wd\SDSSJ134956.19+024309.3_15201-59328-0300_4600224987.dat,WDA
wd\SDSSJ104101.90+371359.3_15291-59350-0398_4597584427.dat,WDA
cb_uvex2\SDSSJ143251.75+362943.4_15305-59343-0070_4603885588.dat,WDA
wd\SDSSJ121018.86+204307.3_15295-59318-0076_4599514169.dat,WDA
wd\SDSSJ120917.04+212217.5_15295-59318-0013_4599517575.dat,WDA
wd\SDSSJ053220.62+392742.9_15225-59272-0450_4519581915.dat,WDA
cb_uvex2\SDSSJ085214.45-003244.2_15164-59200-0160_4492085757.dat,WDA
wd\SDSSJ074241.83+365111.0_15017-59220-0226_4553870560.dat,WDA
wd\SDSSJ020315.99-025725.9_15045-59202-0333_4375875473.dat,WDA
wd\SDSSJ152422.18+073351.2_15272-59305-0459_5170322529.dat,WDA
wd\SDSSJ081150.48+334618.2_15025-59169-0416_4555309415.dat,WDA
wd\SDSSJ145001.40+410037.7_15357-59336-0038_4350576925.dat,WDA
wd\SDSSJ141317.76+542341.6_15304-59312-0028_4350971300.dat,WDA
wd\SDSSJ074100.67+381507.6_15017-59278-0161_4553889685.dat,WDA
cb_uvex2\SDSSJ150822.88+321237.8_15271-59302-0065_5188363612.dat,WDA
wd\SDSSJ180557.31+141619.7_15346-59300-0265_5259548977.dat,WDA
wd\SDSSJ134326.28-045346.8_15200-59305-0354_4589588061.dat,WDA
wd\SDSSJ230118.52+190745.2_15028-59197-0266_4383235950.dat,WDA
cb_uvex2\SDSSJ164024.84+401347.1_15309-59350-0048_5191885743.dat,WDA
wd\SDSSJ062947.98+180110.8_15228-59269-0044_4537368754.dat,WDA
wd\SDSSJ090041.91+011551.1_15169-59313-0461_4592505369.dat,WDA
cb_uvex2\SDSSJ004420.04+002125.6_15007-59187-0092_4399312093.dat,WDA
cb_uvex2\SDSSJ212827.49-004223.9_15027-59159-0317_4367810485.dat,WDA
wd\SDSSJ115242.14+580146.0_15236-59255-0210_4359639151.dat,WDA
cb_uvex2\SDSSJ113349.72+251834.5_15294-59314-0184_4595996064.dat,WDA
cb_gaiagalex\SDSSJ051517.16+493142.2_15121-59212-0214_4342058247.dat,WDA
wd\SDSSJ082742.61+284549.7_15058-59195-0219_4555034665.dat,WDA
cb_uvex2\SDSSJ081018.47+200116.7_15052-59229-0436_4546377471.dat,WDA
wd\SDSSJ075516.05+372416.6_15020-59200-0159_4555263588.dat,WDA
wd\SDSSJ072446.81+222131.6_15285-59304-0425_4543119518.dat,WDA
wd\SDSSJ090112.43+025244.5_15260-59304-0324_4592558650.dat,WDA
cb_uvex2\SDSSJ073241.02+211707.8_15195-59238-0048_4543015579.dat,WDA
cb_uvex2\SDSSJ135013.60+022226.9_15201-59306-0219_4600221531.dat,WDA
cb_uvex2\SDSSJ234948.44-004812.4_15034-59165-0135_4371184043.dat,WDA
wd\SDSSJ084606.23+012120.1_15165-59202-0189_4545141767.dat,WDA
wd\SDSSJ062451.46+401104.7_15197-59271-0095_4552298602.dat,WDA
wd\SDSSJ122129.40+292326.0_15249-59265-0111_4601917738.dat,WDA
wd\SDSSJ132011.41+471221.0_15296-59346-0392_4351701279.dat,WDA
wd\SDSSJ150404.40+312632.3_15271-59302-0126_5188351927.dat,WDA
wd\SDSSJ081355.66+331654.4_15025-59255-0324_4555311141.dat,WDA
wd\SDSSJ144723.50+404430.9_15357-59336-0062_4350578564.dat,WDA
wd\SDSSJ121506.30+492255.3_15238-59257-0212_4351945206.dat,WDA
wd\SDSSJ163031.55+394847.7_15309-59350-0449_5191809422.dat,WDA
wd\SDSSJ073753.09+383416.8_15017-59195-0495_4554136786.dat,WDA
cb_uvex2\SDSSJ090542.95+510744.8_15174-59312-0025_4360832115.dat,WDA
wd\SDSSJ092236.05+034208.4_15266-59345-0016_4592682291.dat,WDA
wd\SDSSJ133610.10+391531.1_15299-59293-0132_4602954223.dat,WDA
wd\SDSSJ225637.09+175957.9_15028-59166-0169_4383198837.dat,WDA
wd\SDSSJ074508.51+373218.5_15190-59273-0280_4553888006.dat,WDA
cb_uvex2\SDSSJ182849.92+255045.1_15331-59302-0331_5270512820.dat,WDA
wd\SDSSJ081145.19+374805.4_15026-59169-0490_4555496547.dat,WDA
wd\SDSSJ112020.01+091800.2_15129-59278-0180_4594946522.dat,WDA
cb_uvex2\SDSSJ074003.94+374628.6_15127-59190-0123_4553878696.dat,WDA
wd\SDSSJ054118.14+403323.8_15225-59272-0053_4519753428.dat,WDA
wd\SDSSJ065628.05+025633.7_15336-59294-0127_4530232213.dat,WDA
wd\SDSSJ073905.13+310332.4_15016-59248-0105_4551570516.dat,WDA
wd\SDSSJ134419.68+385017.7_15299-59311-0016_4602959001.dat,WDA
wd\SDSSJ082324.99+291729.0_15058-59195-0179_4554825482.dat,WDA
wd\SDSSJ113002.79+241021.7_15294-59291-0310_4595912415.dat,WDA
wd\SDSSJ074443.85+372515.0_15190-59273-0277_4553887391.dat,WDA
wd\SDSSJ061035.21+014214.6_15227-59264-0151_4521845051.dat,WDA
cb_uvex2\SDSSJ182918.14+250700.3_15331-59302-0262_5270454658.dat,WDA
wd\SDSSJ083834.21+020258.7_15143-59205-0211_4545003271.dat,WDA
wd\SDSSJ173747.57+761242.7_15370-59338-0025_4347735948.dat,WDA
cb_uvex2\SDSSJ212248.28-000919.2_15027-59159-0031_4367761521.dat,WDA
wd\SDSSJ073802.98+180829.4_15073-59186-0415_4542225690.dat,WDA
wd\SDSSJ085029.61+022647.0_15146-59206-0369_4545158071.dat,WDA
wd\SDSSJ062658.20+094030.0_15103-59268-0429_4526771868.dat,WDA
cb_uvex2\SDSSJ134414.06+280002.9_15301-59314-0407_4602334068.dat,WDA
wd\SDSSJ163225.48+443327.0_15308-59312-0460_4346103490.dat,WDA
wd\SDSSJ185348.96+375350.9_15332-59305-0147_5368078918.dat,WDA
wd\SDSSJ031614.50+514501.5_15221-59245-0390_4306826801.dat,WDA
wd\SDSSJ080702.39+334614.1_15023-59232-0317_4555227951.dat,WDA
cb_uvex2\SDSSJ133031.85+472628.1_15296-59317-0059_4351694977.dat,WDA
wd\SDSSJ065034.55-050156.2_15282-59275-0498_4472106843.dat,WDA
wd\SDSSJ073919.79+200829.5_15286-59276-0192_4543046952.dat,WDA
cb_uvex2\SDSSJ074159.71+372041.3_15127-59219-0044_4553884420.dat,WDA
cb_uvex2\SDSSJ073145.18+364533.0_15127-59190-0476_4553764340.dat,WDA
cb_uvex2\SDSSJ031936.06+531425.2_15221-59245-0161_4330675161.dat,WDA
wd\SDSSJ235219.02-004627.7_15034-59192-0296_4371184928.dat,WDA
wd\SDSSJ074308.77+175447.1_15073-59186-0285_4542238404.dat,WDA
cb_uvex2\SDSSJ020439.26-013046.8_15045-59169-0402_4375888737.dat,WDA
cb_uvex2\SDSSJ075745.52+280728.5_15021-59251-0378_4554420670.dat,WDA
